Date,Surface temperature average weight,Number of cloud free observations
2007-01-01 00:00:00,241,6
2007-01-02 00:00:00,241,6
2007-01-03 00:00:00,238,11
2007-01-04 00:00:00,238,14
2007-01-05 00:00:00,238,16
2007-01-06 00:00:00,236,25
2007-01-07 00:00:00,236,26
2007-01-08 00:00:00,237,31
2007-01-09 00:00:00,237,31
2007-01-10 00:00:00,238,26
2007-01-11 00:00:00,239,27
2007-01-12 00:00:00,241,33
2007-01-13 00:00:00,244,29
2007-01-14 00:00:00,245,32
2007-01-15 00:00:00,245,27
2007-01-16 00:00:00,245,27
2007-01-17 00:00:00,245,27
2007-01-18 00:00:00,244,23
2007-01-19 00:00:00,244,14
2007-01-20 00:00:00,243,9
2007-01-21 00:00:00,248,7
2007-01-22 00:00:00,248,7
2007-01-23 00:00:00,250,10
2007-01-24 00:00:00,250,11
2007-01-25 00:00:00,250,11
2007-01-26 00:00:00,250,15
2007-01-27 00:00:00,251,23
2007-01-28 00:00:00,252,19
2007-01-29 00:00:00,251,24
2007-01-30 00:00:00,251,23
2007-01-31 00:00:00,250,28
2007-02-01 00:00:00,248,35
2007-02-02 00:00:00,246,41
2007-02-03 00:00:00,243,44
2007-02-04 00:00:00,242,53
2007-02-05 00:00:00,241,58
2007-02-06 00:00:00,240,66
2007-02-07 00:00:00,240,69
2007-02-08 00:00:00,240,63
2007-02-09 00:00:00,240,53
2007-02-10 00:00:00,239,48
2007-02-11 00:00:00,239,36
2007-02-12 00:00:00,239,29
2007-02-13 00:00:00,239,21
2007-02-14 00:00:00,236,15
2007-02-15 00:00:00,236,17
2007-02-16 00:00:00,235,20
2007-02-17 00:00:00,234,20
2007-02-18 00:00:00,233,25
2007-02-19 00:00:00,232,25
2007-02-20 00:00:00,232,24
2007-02-21 00:00:00,233,22
2007-02-22 00:00:00,232,19
2007-02-23 00:00:00,233,19
2007-02-24 00:00:00,234,17
2007-02-25 00:00:00,237,14
2007-02-26 00:00:00,238,12
2007-02-27 00:00:00,238,14
2007-02-28 00:00:00,238,17
2007-03-01 00:00:00,239,19
2007-03-02 00:00:00,240,17
2007-03-03 00:00:00,240,16
2007-03-04 00:00:00,239,19
2007-03-05 00:00:00,239,24
2007-03-06 00:00:00,239,23
2007-03-07 00:00:00,239,20
2007-03-08 00:00:00,239,23
2007-03-09 00:00:00,239,29
2007-03-10 00:00:00,239,28
2007-03-11 00:00:00,240,24
2007-03-12 00:00:00,241,21
2007-03-13 00:00:00,243,24
2007-03-14 00:00:00,243,28
2007-03-15 00:00:00,244,29
2007-03-16 00:00:00,245,24
2007-03-17 00:00:00,244,25
2007-03-18 00:00:00,244,27
2007-03-19 00:00:00,243,27
2007-03-20 00:00:00,243,27
2007-03-21 00:00:00,244,29
2007-03-22 00:00:00,245,27
2007-03-23 00:00:00,247,32
2007-03-24 00:00:00,248,35
2007-03-25 00:00:00,249,33
2007-03-26 00:00:00,252,38
2007-03-27 00:00:00,254,43
2007-03-28 00:00:00,256,44
2007-03-29 00:00:00,256,49
2007-03-30 00:00:00,257,50
2007-03-31 00:00:00,258,52
2007-04-01 00:00:00,259,56
2007-04-02 00:00:00,258,51
2007-04-03 00:00:00,258,43
2007-04-04 00:00:00,259,36
2007-04-05 00:00:00,260,27
2007-04-06 00:00:00,261,19
2007-04-07 00:00:00,257,15
2007-04-08 00:00:00,256,10
2007-04-09 00:00:00,256,7
2007-04-10 00:00:00,258,9
2007-04-11 00:00:00,259,11
2007-04-12 00:00:00,261,22
2007-04-13 00:00:00,261,27
2007-04-14 00:00:00,264,31
2007-04-15 00:00:00,266,41
2007-04-16 00:00:00,266,51
2007-04-17 00:00:00,267,58
2007-04-18 00:00:00,267,60
2007-04-19 00:00:00,268,52
2007-04-20 00:00:00,269,48
2007-04-21 00:00:00,268,42
2007-04-22 00:00:00,268,32
2007-04-23 00:00:00,266,24
2007-04-24 00:00:00,264,13
2007-04-25 00:00:00,261,15
2007-04-26 00:00:00,260,21
2007-04-27 00:00:00,260,30
2007-04-28 00:00:00,261,34
2007-04-29 00:00:00,261,34
2007-04-30 00:00:00,261,33
2007-05-01 00:00:00,261,34
2007-05-02 00:00:00,261,28
2007-05-03 00:00:00,263,23
2007-05-04 00:00:00,265,14
2007-05-05 00:00:00,267,8
2007-05-06 00:00:00,267,8
2007-05-07 00:00:00,266,9
2007-05-08 00:00:00,262,16
2007-05-09 00:00:00,262,22
2007-05-10 00:00:00,262,19
2007-05-11 00:00:00,264,28
2007-05-12 00:00:00,266,38
2007-05-13 00:00:00,266,43
2007-05-14 00:00:00,267,49
2007-05-15 00:00:00,270,51
2007-05-16 00:00:00,271,51
2007-05-17 00:00:00,272,58
2007-05-18 00:00:00,272,50
2007-05-19 00:00:00,273,42
2007-05-20 00:00:00,273,37
2007-05-21 00:00:00,274,30
2007-05-22 00:00:00,275,20
2007-05-23 00:00:00,275,14
2007-05-24 00:00:00,273,8
2007-05-25 00:00:00,-999,6
2007-05-26 00:00:00,275,7
2007-05-27 00:00:00,276,9
2007-05-28 00:00:00,279,10
2007-05-29 00:00:00,281,12
2007-05-30 00:00:00,282,12
2007-05-31 00:00:00,284,15
2007-06-01 00:00:00,284,20
2007-06-02 00:00:00,285,23
2007-06-03 00:00:00,285,28
2007-06-04 00:00:00,285,35
2007-06-05 00:00:00,285,34
2007-06-06 00:00:00,284,37
2007-06-07 00:00:00,284,32
2007-06-08 00:00:00,284,27
2007-06-09 00:00:00,285,32
2007-06-10 00:00:00,285,31
2007-06-11 00:00:00,286,32
2007-06-12 00:00:00,286,41
2007-06-13 00:00:00,287,48
2007-06-14 00:00:00,287,51
2007-06-15 00:00:00,287,60
2007-06-16 00:00:00,287,51
2007-06-17 00:00:00,287,45
2007-06-18 00:00:00,288,36
2007-06-19 00:00:00,288,31
2007-06-20 00:00:00,289,24
2007-06-21 00:00:00,290,24
2007-06-22 00:00:00,289,17
2007-06-23 00:00:00,289,20
2007-06-24 00:00:00,289,20
2007-06-25 00:00:00,289,19
2007-06-26 00:00:00,289,14
2007-06-27 00:00:00,289,19
2007-06-28 00:00:00,289,27
2007-06-29 00:00:00,289,30
2007-06-30 00:00:00,289,34
2007-07-01 00:00:00,290,46
2007-07-02 00:00:00,290,53
2007-07-03 00:00:00,291,62
2007-07-04 00:00:00,292,62
2007-07-05 00:00:00,293,60
2007-07-06 00:00:00,293,63
2007-07-07 00:00:00,293,61
2007-07-08 00:00:00,293,52
2007-07-09 00:00:00,293,47
2007-07-10 00:00:00,293,44
2007-07-11 00:00:00,293,35
2007-07-12 00:00:00,292,30
2007-07-13 00:00:00,292,22
2007-07-14 00:00:00,292,15
2007-07-15 00:00:00,292,12
2007-07-16 00:00:00,293,10
2007-07-17 00:00:00,291,4
2007-07-18 00:00:00,288,5
2007-07-19 00:00:00,279,2
2007-07-20 00:00:00,287,9
2007-07-21 00:00:00,287,17
2007-07-22 00:00:00,288,24
2007-07-23 00:00:00,288,24
2007-07-24 00:00:00,288,25
2007-07-25 00:00:00,288,29
2007-07-26 00:00:00,288,28
2007-07-27 00:00:00,288,21
2007-07-28 00:00:00,288,16
2007-07-29 00:00:00,288,18
2007-07-30 00:00:00,289,22
2007-07-31 00:00:00,288,22
2007-08-01 00:00:00,288,18
2007-08-02 00:00:00,288,18
2007-08-03 00:00:00,288,21
2007-08-04 00:00:00,287,18
2007-08-05 00:00:00,285,11
2007-08-06 00:00:00,283,14
2007-08-07 00:00:00,284,14
2007-08-08 00:00:00,285,13
2007-08-09 00:00:00,285,14
2007-08-10 00:00:00,285,11
2007-08-11 00:00:00,285,11
2007-08-12 00:00:00,285,9
2007-08-13 00:00:00,286,2
2007-08-14 00:00:00,280,4
2007-08-15 00:00:00,282,8
2007-08-16 00:00:00,283,17
2007-08-17 00:00:00,284,27
2007-08-18 00:00:00,285,38
2007-08-19 00:00:00,285,48
2007-08-20 00:00:00,285,58
2007-08-21 00:00:00,286,63
2007-08-22 00:00:00,286,69
2007-08-23 00:00:00,286,70
2007-08-24 00:00:00,286,69
2007-08-25 00:00:00,286,59
2007-08-26 00:00:00,286,49
2007-08-27 00:00:00,285,42
2007-08-28 00:00:00,284,45
2007-08-29 00:00:00,283,45
2007-08-30 00:00:00,282,45
2007-08-31 00:00:00,281,45
2007-09-01 00:00:00,281,44
2007-09-02 00:00:00,281,48
2007-09-03 00:00:00,281,45
2007-09-04 00:00:00,281,37
2007-09-05 00:00:00,281,32
2007-09-06 00:00:00,282,26
2007-09-07 00:00:00,283,17
2007-09-08 00:00:00,283,17
2007-09-09 00:00:00,283,13
2007-09-10 00:00:00,280,14
2007-09-11 00:00:00,280,20
2007-09-12 00:00:00,279,23
2007-09-13 00:00:00,278,18
2007-09-14 00:00:00,278,18
2007-09-15 00:00:00,278,18
2007-09-16 00:00:00,278,19
2007-09-17 00:00:00,277,20
2007-09-18 00:00:00,277,12
2007-09-19 00:00:00,-999,4
2007-09-20 00:00:00,-999,4
2007-09-21 00:00:00,-999,4
2007-09-22 00:00:00,273,8
2007-09-23 00:00:00,273,12
2007-09-24 00:00:00,273,16
2007-09-25 00:00:00,273,17
2007-09-26 00:00:00,273,17
2007-09-27 00:00:00,273,17
2007-09-28 00:00:00,273,19
2007-09-29 00:00:00,272,21
2007-09-30 00:00:00,-999,19
2007-10-01 00:00:00,-999,13
2007-10-02 00:00:00,-999,13
2007-10-03 00:00:00,-999,16
2007-10-04 00:00:00,-999,18
2007-10-05 00:00:00,-999,16
2007-10-06 00:00:00,-999,10
2007-10-07 00:00:00,-999,8
2007-10-08 00:00:00,-999,8
2007-10-09 00:00:00,-999,6
2007-10-10 00:00:00,-999,4
2007-10-11 00:00:00,-999,4
2007-10-12 00:00:00,-999,4
2007-10-13 00:00:00,262,6
2007-10-14 00:00:00,261,11
2007-10-15 00:00:00,260,16
2007-10-16 00:00:00,260,20
2007-10-17 00:00:00,259,21
2007-10-18 00:00:00,259,19
2007-10-19 00:00:00,259,25
2007-10-20 00:00:00,259,25
2007-10-21 00:00:00,258,19
2007-10-22 00:00:00,258,14
2007-10-23 00:00:00,258,10
2007-10-24 00:00:00,257,12
2007-10-25 00:00:00,258,13
2007-10-26 00:00:00,255,10
2007-10-27 00:00:00,255,8
2007-10-28 00:00:00,255,8
2007-10-29 00:00:00,255,8
2007-10-30 00:00:00,254,9
2007-10-31 00:00:00,255,5
2007-11-01 00:00:00,253,6
2007-11-02 00:00:00,254,6
2007-11-03 00:00:00,253,7
2007-11-04 00:00:00,253,9
2007-11-05 00:00:00,253,9
2007-11-06 00:00:00,254,8
2007-11-07 00:00:00,254,8
2007-11-08 00:00:00,254,8
2007-11-09 00:00:00,254,5
2007-11-10 00:00:00,255,4
2007-11-11 00:00:00,-999,2
2007-11-12 00:00:00,253,4
2007-11-13 00:00:00,250,12
2007-11-14 00:00:00,247,21
2007-11-15 00:00:00,247,19
2007-11-16 00:00:00,248,24
2007-11-17 00:00:00,248,26
2007-11-18 00:00:00,247,34
2007-11-19 00:00:00,246,42
2007-11-20 00:00:00,244,43
2007-11-21 00:00:00,244,44
2007-11-22 00:00:00,244,54
2007-11-23 00:00:00,243,49
2007-11-24 00:00:00,243,49
2007-11-25 00:00:00,243,48
2007-11-26 00:00:00,242,41
2007-11-27 00:00:00,242,41
2007-11-28 00:00:00,241,41
2007-11-29 00:00:00,240,41
2007-11-30 00:00:00,240,49
2007-12-01 00:00:00,240,49
2007-12-02 00:00:00,241,49
2007-12-03 00:00:00,242,47
2007-12-04 00:00:00,243,39
2007-12-05 00:00:00,244,33
2007-12-06 00:00:00,247,28
2007-12-07 00:00:00,250,20
2007-12-08 00:00:00,249,20
2007-12-09 00:00:00,249,13
2007-12-10 00:00:00,250,12
2007-12-11 00:00:00,249,11
2007-12-12 00:00:00,250,7
2007-12-13 00:00:00,-999,2
2007-12-14 00:00:00,-999,3
2007-12-15 00:00:00,244,4
2007-12-16 00:00:00,239,15
2007-12-17 00:00:00,239,26
2007-12-18 00:00:00,240,30
2007-12-19 00:00:00,240,34
2007-12-20 00:00:00,240,34
2007-12-21 00:00:00,240,35
2007-12-22 00:00:00,241,36
2007-12-23 00:00:00,241,32
2007-12-24 00:00:00,242,21
2007-12-25 00:00:00,242,17
2007-12-26 00:00:00,242,13
2007-12-27 00:00:00,242,13
2007-12-28 00:00:00,241,11
2007-12-29 00:00:00,239,7
2007-12-30 00:00:00,-999,-999
2007-12-31 00:00:00,-999,-999
2008-01-01 00:00:00,251,4
2008-01-02 00:00:00,251,4
2008-01-03 00:00:00,248,4
2008-01-04 00:00:00,250,3
2008-01-05 00:00:00,-999,3
2008-01-06 00:00:00,-999,3
2008-01-07 00:00:00,-999,3
2008-01-08 00:00:00,236,8
2008-01-09 00:00:00,233,16
2008-01-10 00:00:00,235,20
2008-01-11 00:00:00,236,22
2008-01-12 00:00:00,236,23
2008-01-13 00:00:00,239,32
2008-01-14 00:00:00,239,32
2008-01-15 00:00:00,243,32
2008-01-16 00:00:00,250,27
2008-01-17 00:00:00,253,24
2008-01-18 00:00:00,250,30
2008-01-19 00:00:00,250,29
2008-01-20 00:00:00,251,20
2008-01-21 00:00:00,245,29
2008-01-22 00:00:00,240,34
2008-01-23 00:00:00,237,37
2008-01-24 00:00:00,235,43
2008-01-25 00:00:00,233,47
2008-01-26 00:00:00,233,56
2008-01-27 00:00:00,232,65
2008-01-28 00:00:00,232,61
2008-01-29 00:00:00,232,57
2008-01-30 00:00:00,232,54
2008-01-31 00:00:00,232,47
2008-02-01 00:00:00,232,36
2008-02-02 00:00:00,232,30
2008-02-03 00:00:00,232,30
2008-02-04 00:00:00,233,31
2008-02-05 00:00:00,233,28
2008-02-06 00:00:00,236,35
2008-02-07 00:00:00,237,41
2008-02-08 00:00:00,238,46
2008-02-09 00:00:00,241,49
2008-02-10 00:00:00,243,42
2008-02-11 00:00:00,245,42
2008-02-12 00:00:00,247,42
2008-02-13 00:00:00,250,40
2008-02-14 00:00:00,252,38
2008-02-15 00:00:00,254,40
2008-02-16 00:00:00,255,35
2008-02-17 00:00:00,256,34
2008-02-18 00:00:00,256,30
2008-02-19 00:00:00,256,27
2008-02-20 00:00:00,254,24
2008-02-21 00:00:00,251,23
2008-02-22 00:00:00,247,16
2008-02-23 00:00:00,244,13
2008-02-24 00:00:00,242,14
2008-02-25 00:00:00,241,16
2008-02-26 00:00:00,241,22
2008-02-27 00:00:00,241,21
2008-02-28 00:00:00,244,21
2008-02-29 00:00:00,244,20
2008-03-01 00:00:00,244,20
2008-03-02 00:00:00,244,19
2008-03-03 00:00:00,245,20
2008-03-04 00:00:00,247,14
2008-03-05 00:00:00,247,10
2008-03-06 00:00:00,244,8
2008-03-07 00:00:00,245,9
2008-03-08 00:00:00,245,9
2008-03-09 00:00:00,244,11
2008-03-10 00:00:00,-999,11
2008-03-11 00:00:00,237,18
2008-03-12 00:00:00,237,22
2008-03-13 00:00:00,238,26
2008-03-14 00:00:00,238,30
2008-03-15 00:00:00,238,35
2008-03-16 00:00:00,238,35
2008-03-17 00:00:00,239,30
2008-03-18 00:00:00,241,27
2008-03-19 00:00:00,242,25
2008-03-20 00:00:00,242,23
2008-03-21 00:00:00,245,25
2008-03-22 00:00:00,246,24
2008-03-23 00:00:00,246,28
2008-03-24 00:00:00,247,36
2008-03-25 00:00:00,249,38
2008-03-26 00:00:00,249,38
2008-03-27 00:00:00,249,34
2008-03-28 00:00:00,250,27
2008-03-29 00:00:00,253,26
2008-03-30 00:00:00,257,22
2008-03-31 00:00:00,261,15
2008-04-01 00:00:00,263,9
2008-04-02 00:00:00,262,10
2008-04-03 00:00:00,260,14
2008-04-04 00:00:00,259,15
2008-04-05 00:00:00,256,19
2008-04-06 00:00:00,255,17
2008-04-07 00:00:00,254,17
2008-04-08 00:00:00,255,22
2008-04-09 00:00:00,255,20
2008-04-10 00:00:00,255,18
2008-04-11 00:00:00,255,18
2008-04-12 00:00:00,257,19
2008-04-13 00:00:00,257,20
2008-04-14 00:00:00,257,19
2008-04-15 00:00:00,257,14
2008-04-16 00:00:00,258,21
2008-04-17 00:00:00,259,26
2008-04-18 00:00:00,259,30
2008-04-19 00:00:00,260,24
2008-04-20 00:00:00,260,23
2008-04-21 00:00:00,262,25
2008-04-22 00:00:00,262,27
2008-04-23 00:00:00,262,21
2008-04-24 00:00:00,263,15
2008-04-25 00:00:00,261,11
2008-04-26 00:00:00,-999,10
2008-04-27 00:00:00,-999,10
2008-04-28 00:00:00,-999,10
2008-04-29 00:00:00,-999,8
2008-04-30 00:00:00,-999,6
2008-05-01 00:00:00,-999,5
2008-05-02 00:00:00,-999,4
2008-05-03 00:00:00,-999,5
2008-05-04 00:00:00,-999,4
2008-05-05 00:00:00,-999,4
2008-05-06 00:00:00,271,13
2008-05-07 00:00:00,270,16
2008-05-08 00:00:00,271,23
2008-05-09 00:00:00,271,23
2008-05-10 00:00:00,271,22
2008-05-11 00:00:00,271,22
2008-05-12 00:00:00,272,30
2008-05-13 00:00:00,271,23
2008-05-14 00:00:00,272,22
2008-05-15 00:00:00,272,16
2008-05-16 00:00:00,273,24
2008-05-17 00:00:00,274,28
2008-05-18 00:00:00,274,29
2008-05-19 00:00:00,275,21
2008-05-20 00:00:00,275,20
2008-05-21 00:00:00,276,19
2008-05-22 00:00:00,276,19
2008-05-23 00:00:00,277,11
2008-05-24 00:00:00,277,6
2008-05-25 00:00:00,277,5
2008-05-26 00:00:00,277,3
2008-05-27 00:00:00,277,4
2008-05-28 00:00:00,280,6
2008-05-29 00:00:00,282,6
2008-05-30 00:00:00,282,6
2008-05-31 00:00:00,282,6
2008-06-01 00:00:00,283,10
2008-06-02 00:00:00,285,17
2008-06-03 00:00:00,286,17
2008-06-04 00:00:00,287,21
2008-06-05 00:00:00,287,25
2008-06-06 00:00:00,286,32
2008-06-07 00:00:00,286,34
2008-06-08 00:00:00,286,34
2008-06-09 00:00:00,286,33
2008-06-10 00:00:00,286,38
2008-06-11 00:00:00,286,33
2008-06-12 00:00:00,286,28
2008-06-13 00:00:00,287,25
2008-06-14 00:00:00,287,32
2008-06-15 00:00:00,288,40
2008-06-16 00:00:00,290,44
2008-06-17 00:00:00,291,47
2008-06-18 00:00:00,292,54
2008-06-19 00:00:00,292,64
2008-06-20 00:00:00,293,69
2008-06-21 00:00:00,293,66
2008-06-22 00:00:00,294,59
2008-06-23 00:00:00,294,51
2008-06-24 00:00:00,294,46
2008-06-25 00:00:00,293,39
2008-06-26 00:00:00,293,29
2008-06-27 00:00:00,292,23
2008-06-28 00:00:00,292,25
2008-06-29 00:00:00,292,31
2008-06-30 00:00:00,292,37
2008-07-01 00:00:00,292,40
2008-07-02 00:00:00,292,43
2008-07-03 00:00:00,292,47
2008-07-04 00:00:00,292,50
2008-07-05 00:00:00,292,47
2008-07-06 00:00:00,291,40
2008-07-07 00:00:00,290,38
2008-07-08 00:00:00,290,35
2008-07-09 00:00:00,289,30
2008-07-10 00:00:00,289,26
2008-07-11 00:00:00,288,20
2008-07-12 00:00:00,288,15
2008-07-13 00:00:00,288,11
2008-07-14 00:00:00,290,5
2008-07-15 00:00:00,-999,-999
2008-07-16 00:00:00,281,3
2008-07-17 00:00:00,281,5
2008-07-18 00:00:00,281,5
2008-07-19 00:00:00,287,15
2008-07-20 00:00:00,287,18
2008-07-21 00:00:00,288,23
2008-07-22 00:00:00,288,26
2008-07-23 00:00:00,289,30
2008-07-24 00:00:00,289,29
2008-07-25 00:00:00,289,29
2008-07-26 00:00:00,289,21
2008-07-27 00:00:00,289,18
2008-07-28 00:00:00,289,13
2008-07-29 00:00:00,287,13
2008-07-30 00:00:00,283,7
2008-07-31 00:00:00,282,6
2008-08-01 00:00:00,281,7
2008-08-02 00:00:00,282,5
2008-08-03 00:00:00,281,6
2008-08-04 00:00:00,281,6
2008-08-05 00:00:00,280,3
2008-08-06 00:00:00,283,8
2008-08-07 00:00:00,283,9
2008-08-08 00:00:00,282,10
2008-08-09 00:00:00,283,11
2008-08-10 00:00:00,283,17
2008-08-11 00:00:00,283,18
2008-08-12 00:00:00,283,19
2008-08-13 00:00:00,282,13
2008-08-14 00:00:00,281,13
2008-08-15 00:00:00,282,13
2008-08-16 00:00:00,281,12
2008-08-17 00:00:00,278,6
2008-08-18 00:00:00,280,7
2008-08-19 00:00:00,280,6
2008-08-20 00:00:00,280,7
2008-08-21 00:00:00,280,12
2008-08-22 00:00:00,280,12
2008-08-23 00:00:00,280,12
2008-08-24 00:00:00,279,14
2008-08-25 00:00:00,278,15
2008-08-26 00:00:00,278,16
2008-08-27 00:00:00,278,23
2008-08-28 00:00:00,278,26
2008-08-29 00:00:00,279,35
2008-08-30 00:00:00,279,35
2008-08-31 00:00:00,280,32
2008-09-01 00:00:00,280,31
2008-09-02 00:00:00,279,33
2008-09-03 00:00:00,280,25
2008-09-04 00:00:00,280,17
2008-09-05 00:00:00,276,6
2008-09-06 00:00:00,276,6
2008-09-07 00:00:00,275,8
2008-09-08 00:00:00,274,7
2008-09-09 00:00:00,273,7
2008-09-10 00:00:00,273,7
2008-09-11 00:00:00,274,11
2008-09-12 00:00:00,274,13
2008-09-13 00:00:00,274,17
2008-09-14 00:00:00,275,16
2008-09-15 00:00:00,275,15
2008-09-16 00:00:00,-999,12
2008-09-17 00:00:00,-999,12
2008-09-18 00:00:00,-999,7
2008-09-19 00:00:00,-999,5
2008-09-20 00:00:00,-999,1
2008-09-21 00:00:00,-999,-999
2008-09-22 00:00:00,-999,-999
2008-09-23 00:00:00,-999,-999
2008-09-24 00:00:00,-999,-999
2008-09-25 00:00:00,271,4
2008-09-26 00:00:00,270,8
2008-09-27 00:00:00,270,8
2008-09-28 00:00:00,270,13
2008-09-29 00:00:00,270,13
2008-09-30 00:00:00,269,15
2008-10-01 00:00:00,268,16
2008-10-02 00:00:00,265,19
2008-10-03 00:00:00,265,18
2008-10-04 00:00:00,265,19
2008-10-05 00:00:00,265,21
2008-10-06 00:00:00,265,22
2008-10-07 00:00:00,265,20
2008-10-08 00:00:00,266,19
2008-10-09 00:00:00,267,13
2008-10-10 00:00:00,266,12
2008-10-11 00:00:00,263,17
2008-10-12 00:00:00,256,17
2008-10-13 00:00:00,254,18
2008-10-14 00:00:00,254,19
2008-10-15 00:00:00,255,21
2008-10-16 00:00:00,255,21
2008-10-17 00:00:00,254,20
2008-10-18 00:00:00,254,14
2008-10-19 00:00:00,257,7
2008-10-20 00:00:00,250,11
2008-10-21 00:00:00,248,16
2008-10-22 00:00:00,247,25
2008-10-23 00:00:00,248,32
2008-10-24 00:00:00,248,36
2008-10-25 00:00:00,248,39
2008-10-26 00:00:00,249,41
2008-10-27 00:00:00,250,37
2008-10-28 00:00:00,251,37
2008-10-29 00:00:00,252,27
2008-10-30 00:00:00,253,20
2008-10-31 00:00:00,254,22
2008-11-01 00:00:00,254,19
2008-11-02 00:00:00,254,19
2008-11-03 00:00:00,254,18
2008-11-04 00:00:00,255,14
2008-11-05 00:00:00,256,15
2008-11-06 00:00:00,256,20
2008-11-07 00:00:00,255,20
2008-11-08 00:00:00,255,22
2008-11-09 00:00:00,252,27
2008-11-10 00:00:00,252,26
2008-11-11 00:00:00,252,24
2008-11-12 00:00:00,252,22
2008-11-13 00:00:00,248,22
2008-11-14 00:00:00,244,21
2008-11-15 00:00:00,243,19
2008-11-16 00:00:00,241,13
2008-11-17 00:00:00,241,15
2008-11-18 00:00:00,243,24
2008-11-19 00:00:00,244,29
2008-11-20 00:00:00,246,29
2008-11-21 00:00:00,248,25
2008-11-22 00:00:00,248,27
2008-11-23 00:00:00,248,26
2008-11-24 00:00:00,249,24
2008-11-25 00:00:00,251,15
2008-11-26 00:00:00,250,12
2008-11-27 00:00:00,240,18
2008-11-28 00:00:00,238,24
2008-11-29 00:00:00,237,26
2008-11-30 00:00:00,237,26
2008-12-01 00:00:00,237,27
2008-12-02 00:00:00,237,37
2008-12-03 00:00:00,236,45
2008-12-04 00:00:00,238,45
2008-12-05 00:00:00,239,43
2008-12-06 00:00:00,239,40
2008-12-07 00:00:00,239,50
2008-12-08 00:00:00,240,50
2008-12-09 00:00:00,240,40
2008-12-10 00:00:00,243,31
2008-12-11 00:00:00,244,27
2008-12-12 00:00:00,246,28
2008-12-13 00:00:00,246,33
2008-12-14 00:00:00,248,23
2008-12-15 00:00:00,248,24
2008-12-16 00:00:00,249,28
2008-12-17 00:00:00,249,34
2008-12-18 00:00:00,249,27
2008-12-19 00:00:00,249,22
2008-12-20 00:00:00,249,16
2008-12-21 00:00:00,249,16
2008-12-22 00:00:00,247,16
2008-12-23 00:00:00,242,17
2008-12-24 00:00:00,237,15
2008-12-25 00:00:00,236,20
2008-12-26 00:00:00,235,18
2008-12-27 00:00:00,235,18
2008-12-28 00:00:00,235,18
2008-12-29 00:00:00,235,16
2008-12-30 00:00:00,234,11
2008-12-31 00:00:00,234,6
2009-01-01 00:00:00,234,17
2009-01-02 00:00:00,236,14
2009-01-03 00:00:00,237,11
2009-01-04 00:00:00,235,17
2009-01-05 00:00:00,235,27
2009-01-06 00:00:00,234,36
2009-01-07 00:00:00,234,39
2009-01-08 00:00:00,235,40
2009-01-09 00:00:00,235,37
2009-01-10 00:00:00,235,36
2009-01-11 00:00:00,242,35
2009-01-12 00:00:00,247,27
2009-01-13 00:00:00,255,17
2009-01-14 00:00:00,265,11
2009-01-15 00:00:00,251,19
2009-01-16 00:00:00,248,26
2009-01-17 00:00:00,247,28
2009-01-18 00:00:00,241,29
2009-01-19 00:00:00,240,28
2009-01-20 00:00:00,240,29
2009-01-21 00:00:00,240,29
2009-01-22 00:00:00,241,26
2009-01-23 00:00:00,240,25
2009-01-24 00:00:00,237,34
2009-01-25 00:00:00,234,32
2009-01-26 00:00:00,234,37
2009-01-27 00:00:00,234,40
2009-01-28 00:00:00,234,43
2009-01-29 00:00:00,234,36
2009-01-30 00:00:00,234,32
2009-01-31 00:00:00,237,25
2009-02-01 00:00:00,238,21
2009-02-02 00:00:00,239,20
2009-02-03 00:00:00,240,16
2009-02-04 00:00:00,241,15
2009-02-05 00:00:00,240,19
2009-02-06 00:00:00,240,21
2009-02-07 00:00:00,241,22
2009-02-08 00:00:00,243,24
2009-02-09 00:00:00,247,23
2009-02-10 00:00:00,248,27
2009-02-11 00:00:00,250,27
2009-02-12 00:00:00,250,27
2009-02-13 00:00:00,251,23
2009-02-14 00:00:00,253,19
2009-02-15 00:00:00,250,19
2009-02-16 00:00:00,247,20
2009-02-17 00:00:00,245,24
2009-02-18 00:00:00,246,30
2009-02-19 00:00:00,246,26
2009-02-20 00:00:00,246,27
2009-02-21 00:00:00,245,27
2009-02-22 00:00:00,246,25
2009-02-23 00:00:00,246,20
2009-02-24 00:00:00,247,15
2009-02-25 00:00:00,245,16
2009-02-26 00:00:00,244,24
2009-02-27 00:00:00,245,27
2009-02-28 00:00:00,245,29
2009-03-01 00:00:00,245,32
2009-03-02 00:00:00,244,35
2009-03-03 00:00:00,244,38
2009-03-04 00:00:00,244,35
2009-03-05 00:00:00,244,35
2009-03-06 00:00:00,243,38
2009-03-07 00:00:00,241,40
2009-03-08 00:00:00,240,39
2009-03-09 00:00:00,240,38
2009-03-10 00:00:00,239,32
2009-03-11 00:00:00,238,27
2009-03-12 00:00:00,236,23
2009-03-13 00:00:00,238,20
2009-03-14 00:00:00,240,15
2009-03-15 00:00:00,241,18
2009-03-16 00:00:00,242,22
2009-03-17 00:00:00,242,28
2009-03-18 00:00:00,242,33
2009-03-19 00:00:00,243,37
2009-03-20 00:00:00,244,34
2009-03-21 00:00:00,244,34
2009-03-22 00:00:00,244,32
2009-03-23 00:00:00,245,29
2009-03-24 00:00:00,246,28
2009-03-25 00:00:00,248,28
2009-03-26 00:00:00,250,26
2009-03-27 00:00:00,250,34
2009-03-28 00:00:00,249,40
2009-03-29 00:00:00,250,36
2009-03-30 00:00:00,250,35
2009-03-31 00:00:00,250,34
2009-04-01 00:00:00,251,35
2009-04-02 00:00:00,252,36
2009-04-03 00:00:00,253,33
2009-04-04 00:00:00,254,33
2009-04-05 00:00:00,254,33
2009-04-06 00:00:00,254,31
2009-04-07 00:00:00,255,29
2009-04-08 00:00:00,256,25
2009-04-09 00:00:00,255,19
2009-04-10 00:00:00,255,17
2009-04-11 00:00:00,257,18
2009-04-12 00:00:00,256,19
2009-04-13 00:00:00,256,23
2009-04-14 00:00:00,256,24
2009-04-15 00:00:00,256,25
2009-04-16 00:00:00,256,28
2009-04-17 00:00:00,257,31
2009-04-18 00:00:00,258,25
2009-04-19 00:00:00,259,27
2009-04-20 00:00:00,260,28
2009-04-21 00:00:00,262,29
2009-04-22 00:00:00,264,26
2009-04-23 00:00:00,268,29
2009-04-24 00:00:00,273,31
2009-04-25 00:00:00,274,37
2009-04-26 00:00:00,274,41
2009-04-27 00:00:00,273,41
2009-04-28 00:00:00,272,40
2009-04-29 00:00:00,272,45
2009-04-30 00:00:00,272,38
2009-05-01 00:00:00,270,35
2009-05-02 00:00:00,269,27
2009-05-03 00:00:00,268,20
2009-05-04 00:00:00,267,16
2009-05-05 00:00:00,267,14
2009-05-06 00:00:00,266,8
2009-05-07 00:00:00,266,8
2009-05-08 00:00:00,260,3
2009-05-09 00:00:00,260,3
2009-05-10 00:00:00,263,7
2009-05-11 00:00:00,267,12
2009-05-12 00:00:00,268,11
2009-05-13 00:00:00,270,15
2009-05-14 00:00:00,271,23
2009-05-15 00:00:00,272,28
2009-05-16 00:00:00,272,29
2009-05-17 00:00:00,273,27
2009-05-18 00:00:00,274,25
2009-05-19 00:00:00,274,25
2009-05-20 00:00:00,274,22
2009-05-21 00:00:00,274,14
2009-05-22 00:00:00,275,10
2009-05-23 00:00:00,275,10
2009-05-24 00:00:00,276,8
2009-05-25 00:00:00,-999,5
2009-05-26 00:00:00,278,7
2009-05-27 00:00:00,279,6
2009-05-28 00:00:00,279,6
2009-05-29 00:00:00,281,7
2009-05-30 00:00:00,283,9
2009-05-31 00:00:00,284,13
2009-06-01 00:00:00,285,12
2009-06-02 00:00:00,285,14
2009-06-03 00:00:00,285,19
2009-06-04 00:00:00,285,21
2009-06-05 00:00:00,286,18
2009-06-06 00:00:00,285,15
2009-06-07 00:00:00,284,11
2009-06-08 00:00:00,284,11
2009-06-09 00:00:00,284,9
2009-06-10 00:00:00,283,11
2009-06-11 00:00:00,283,12
2009-06-12 00:00:00,284,16
2009-06-13 00:00:00,284,27
2009-06-14 00:00:00,285,36
2009-06-15 00:00:00,285,40
2009-06-16 00:00:00,286,45
2009-06-17 00:00:00,286,44
2009-06-18 00:00:00,286,43
2009-06-19 00:00:00,286,39
2009-06-20 00:00:00,287,38
2009-06-21 00:00:00,286,30
2009-06-22 00:00:00,286,26
2009-06-23 00:00:00,286,27
2009-06-24 00:00:00,286,31
2009-06-25 00:00:00,286,37
2009-06-26 00:00:00,286,42
2009-06-27 00:00:00,286,32
2009-06-28 00:00:00,286,37
2009-06-29 00:00:00,286,47
2009-06-30 00:00:00,286,47
2009-07-01 00:00:00,286,37
2009-07-02 00:00:00,286,35
2009-07-03 00:00:00,286,31
2009-07-04 00:00:00,286,36
2009-07-05 00:00:00,286,34
2009-07-06 00:00:00,286,28
2009-07-07 00:00:00,286,25
2009-07-08 00:00:00,286,25
2009-07-09 00:00:00,287,19
2009-07-10 00:00:00,286,23
2009-07-11 00:00:00,286,25
2009-07-12 00:00:00,286,24
2009-07-13 00:00:00,286,28
2009-07-14 00:00:00,286,31
2009-07-15 00:00:00,286,31
2009-07-16 00:00:00,286,31
2009-07-17 00:00:00,286,26
2009-07-18 00:00:00,286,19
2009-07-19 00:00:00,286,20
2009-07-20 00:00:00,287,14
2009-07-21 00:00:00,289,8
2009-07-22 00:00:00,289,9
2009-07-23 00:00:00,290,13
2009-07-24 00:00:00,291,18
2009-07-25 00:00:00,291,20
2009-07-26 00:00:00,292,16
2009-07-27 00:00:00,293,15
2009-07-28 00:00:00,293,13
2009-07-29 00:00:00,292,17
2009-07-30 00:00:00,291,17
2009-07-31 00:00:00,290,12
2009-08-01 00:00:00,289,10
2009-08-02 00:00:00,288,13
2009-08-03 00:00:00,288,12
2009-08-04 00:00:00,288,12
2009-08-05 00:00:00,-999,7
2009-08-06 00:00:00,281,6
2009-08-07 00:00:00,281,9
2009-08-08 00:00:00,282,10
2009-08-09 00:00:00,282,8
2009-08-10 00:00:00,282,8
2009-08-11 00:00:00,282,18
2009-08-12 00:00:00,283,24
2009-08-13 00:00:00,283,21
2009-08-14 00:00:00,283,26
2009-08-15 00:00:00,283,32
2009-08-16 00:00:00,283,38
2009-08-17 00:00:00,284,47
2009-08-18 00:00:00,284,43
2009-08-19 00:00:00,284,37
2009-08-20 00:00:00,284,38
2009-08-21 00:00:00,284,32
2009-08-22 00:00:00,284,25
2009-08-23 00:00:00,284,19
2009-08-24 00:00:00,283,10
2009-08-25 00:00:00,278,11
2009-08-26 00:00:00,279,15
2009-08-27 00:00:00,279,16
2009-08-28 00:00:00,279,16
2009-08-29 00:00:00,280,17
2009-08-30 00:00:00,282,25
2009-08-31 00:00:00,283,33
2009-09-01 00:00:00,284,26
2009-09-02 00:00:00,284,23
2009-09-03 00:00:00,283,28
2009-09-04 00:00:00,283,28
2009-09-05 00:00:00,283,30
2009-09-06 00:00:00,283,23
2009-09-07 00:00:00,281,15
2009-09-08 00:00:00,281,17
2009-09-09 00:00:00,281,21
2009-09-10 00:00:00,281,19
2009-09-11 00:00:00,281,17
2009-09-12 00:00:00,280,14
2009-09-13 00:00:00,279,12
2009-09-14 00:00:00,279,13
2009-09-15 00:00:00,278,12
2009-09-16 00:00:00,278,7
2009-09-17 00:00:00,-999,3
2009-09-18 00:00:00,-999,3
2009-09-19 00:00:00,-999,3
2009-09-20 00:00:00,-999,3
2009-09-21 00:00:00,-999,2
2009-09-22 00:00:00,-999,1
2009-09-23 00:00:00,270,3
2009-09-24 00:00:00,269,4
2009-09-25 00:00:00,269,7
2009-09-26 00:00:00,270,9
2009-09-27 00:00:00,270,9
2009-09-28 00:00:00,270,9
2009-09-29 00:00:00,270,9
2009-09-30 00:00:00,-999,7
2009-10-01 00:00:00,-999,5
2009-10-02 00:00:00,-999,7
2009-10-03 00:00:00,-999,8
2009-10-04 00:00:00,-999,8
2009-10-05 00:00:00,-999,11
2009-10-06 00:00:00,-999,14
2009-10-07 00:00:00,-999,18
2009-10-08 00:00:00,-999,19
2009-10-09 00:00:00,-999,17
2009-10-10 00:00:00,-999,14
2009-10-11 00:00:00,-999,15
2009-10-12 00:00:00,-999,12
2009-10-13 00:00:00,-999,9
2009-10-14 00:00:00,265,8
2009-10-15 00:00:00,264,9
2009-10-16 00:00:00,262,7
2009-10-17 00:00:00,263,8
2009-10-18 00:00:00,263,9
2009-10-19 00:00:00,263,11
2009-10-20 00:00:00,262,14
2009-10-21 00:00:00,261,13
2009-10-22 00:00:00,261,11
2009-10-23 00:00:00,261,12
2009-10-24 00:00:00,260,11
2009-10-25 00:00:00,260,9
2009-10-26 00:00:00,259,7
2009-10-27 00:00:00,260,4
2009-10-28 00:00:00,-999,2
2009-10-29 00:00:00,253,7
2009-10-30 00:00:00,250,6
2009-10-31 00:00:00,250,6
2009-11-01 00:00:00,250,7
2009-11-02 00:00:00,250,7
2009-11-03 00:00:00,250,7
2009-11-04 00:00:00,248,15
2009-11-05 00:00:00,246,18
2009-11-06 00:00:00,246,18
2009-11-07 00:00:00,246,24
2009-11-08 00:00:00,246,25
2009-11-09 00:00:00,246,25
2009-11-10 00:00:00,245,31
2009-11-11 00:00:00,245,24
2009-11-12 00:00:00,245,21
2009-11-13 00:00:00,244,20
2009-11-14 00:00:00,243,14
2009-11-15 00:00:00,244,18
2009-11-16 00:00:00,244,26
2009-11-17 00:00:00,245,26
2009-11-18 00:00:00,245,33
2009-11-19 00:00:00,246,36
2009-11-20 00:00:00,246,36
2009-11-21 00:00:00,248,46
2009-11-22 00:00:00,249,49
2009-11-23 00:00:00,249,49
2009-11-24 00:00:00,250,51
2009-11-25 00:00:00,251,45
2009-11-26 00:00:00,252,41
2009-11-27 00:00:00,252,46
2009-11-28 00:00:00,252,40
2009-11-29 00:00:00,251,34
2009-11-30 00:00:00,253,28
2009-12-01 00:00:00,254,20
2009-12-02 00:00:00,255,19
2009-12-03 00:00:00,254,17
2009-12-04 00:00:00,255,13
2009-12-05 00:00:00,258,9
2009-12-06 00:00:00,259,7
2009-12-07 00:00:00,258,5
2009-12-08 00:00:00,258,5
2009-12-09 00:00:00,258,4
2009-12-10 00:00:00,-999,4
2009-12-11 00:00:00,241,8
2009-12-12 00:00:00,241,12
2009-12-13 00:00:00,240,13
2009-12-14 00:00:00,240,20
2009-12-15 00:00:00,243,30
2009-12-16 00:00:00,245,42
2009-12-17 00:00:00,246,45
2009-12-18 00:00:00,246,41
2009-12-19 00:00:00,247,45
2009-12-20 00:00:00,246,46
2009-12-21 00:00:00,248,41
2009-12-22 00:00:00,247,38
2009-12-23 00:00:00,245,38
2009-12-24 00:00:00,244,40
2009-12-25 00:00:00,244,39
2009-12-26 00:00:00,244,31
2009-12-27 00:00:00,244,28
2009-12-28 00:00:00,244,26
2009-12-29 00:00:00,242,19
2009-12-30 00:00:00,243,7
2009-12-31 00:00:00,-999,-999
2010-01-01 00:00:00,245,20
2010-01-02 00:00:00,242,20
2010-01-03 00:00:00,240,22
2010-01-04 00:00:00,234,24
2010-01-05 00:00:00,231,25
2010-01-06 00:00:00,231,33
2010-01-07 00:00:00,231,40
2010-01-08 00:00:00,231,43
2010-01-09 00:00:00,251,47
2010-01-10 00:00:00,231,57
2010-01-11 00:00:00,230,55
2010-01-12 00:00:00,231,44
2010-01-13 00:00:00,233,38
2010-01-14 00:00:00,235,38
2010-01-15 00:00:00,235,34
2010-01-16 00:00:00,235,30
2010-01-17 00:00:00,244,27
2010-01-18 00:00:00,244,32
2010-01-19 00:00:00,242,40
2010-01-20 00:00:00,247,40
2010-01-21 00:00:00,247,32
2010-01-22 00:00:00,247,32
2010-01-23 00:00:00,247,36
2010-01-24 00:00:00,247,34
2010-01-25 00:00:00,247,30
2010-01-26 00:00:00,248,23
2010-01-27 00:00:00,247,18
2010-01-28 00:00:00,247,18
2010-01-29 00:00:00,243,19
2010-01-30 00:00:00,240,22
2010-01-31 00:00:00,242,21
2010-02-01 00:00:00,242,23
2010-02-02 00:00:00,241,24
2010-02-03 00:00:00,242,24
2010-02-04 00:00:00,242,23
2010-02-05 00:00:00,249,23
2010-02-06 00:00:00,251,15
2010-02-07 00:00:00,251,12
2010-02-08 00:00:00,247,8
2010-02-09 00:00:00,247,7
2010-02-10 00:00:00,251,11
2010-02-11 00:00:00,250,13
2010-02-12 00:00:00,250,14
2010-02-13 00:00:00,251,14
2010-02-14 00:00:00,251,14
2010-02-15 00:00:00,251,13
2010-02-16 00:00:00,250,12
2010-02-17 00:00:00,248,9
2010-02-18 00:00:00,244,10
2010-02-19 00:00:00,241,13
2010-02-20 00:00:00,240,17
2010-02-21 00:00:00,239,18
2010-02-22 00:00:00,239,19
2010-02-23 00:00:00,239,19
2010-02-24 00:00:00,237,18
2010-02-25 00:00:00,-999,15
2010-02-26 00:00:00,247,12
2010-02-27 00:00:00,250,14
2010-02-28 00:00:00,241,14
2010-03-01 00:00:00,247,12
2010-03-02 00:00:00,257,17
2010-03-03 00:00:00,250,21
2010-03-04 00:00:00,250,22
2010-03-05 00:00:00,249,24
2010-03-06 00:00:00,248,23
2010-03-07 00:00:00,248,22
2010-03-08 00:00:00,264,26
2010-03-09 00:00:00,267,21
2010-03-10 00:00:00,246,20
2010-03-11 00:00:00,246,27
2010-03-12 00:00:00,245,23
2010-03-13 00:00:00,244,21
2010-03-14 00:00:00,245,22
2010-03-15 00:00:00,245,25
2010-03-16 00:00:00,245,28
2010-03-17 00:00:00,245,27
2010-03-18 00:00:00,251,26
2010-03-19 00:00:00,245,33
2010-03-20 00:00:00,249,32
2010-03-21 00:00:00,249,31
2010-03-22 00:00:00,249,28
2010-03-23 00:00:00,252,27
2010-03-24 00:00:00,254,25
2010-03-25 00:00:00,255,21
2010-03-26 00:00:00,255,15
2010-03-27 00:00:00,257,13
2010-03-28 00:00:00,251,11
2010-03-29 00:00:00,257,11
2010-03-30 00:00:00,250,17
2010-03-31 00:00:00,250,17
2010-04-01 00:00:00,271,14
2010-04-02 00:00:00,256,19
2010-04-03 00:00:00,257,21
2010-04-04 00:00:00,260,30
2010-04-05 00:00:00,260,27
2010-04-06 00:00:00,262,26
2010-04-07 00:00:00,264,28
2010-04-08 00:00:00,-999,33
2010-04-09 00:00:00,-999,34
2010-04-10 00:00:00,268,35
2010-04-11 00:00:00,268,33
2010-04-12 00:00:00,269,39
2010-04-13 00:00:00,269,36
2010-04-14 00:00:00,270,38
2010-04-15 00:00:00,271,35
2010-04-16 00:00:00,272,31
2010-04-17 00:00:00,272,28
2010-04-18 00:00:00,257,28
2010-04-19 00:00:00,272,26
2010-04-20 00:00:00,271,23
2010-04-21 00:00:00,271,23
2010-04-22 00:00:00,271,22
2010-04-23 00:00:00,270,21
2010-04-24 00:00:00,270,22
2010-04-25 00:00:00,270,18
2010-04-26 00:00:00,270,17
2010-04-27 00:00:00,270,20
2010-04-28 00:00:00,257,17
2010-04-29 00:00:00,269,16
2010-04-30 00:00:00,257,20
2010-05-01 00:00:00,283,22
2010-05-02 00:00:00,283,19
2010-05-03 00:00:00,267,15
2010-05-04 00:00:00,268,12
2010-05-05 00:00:00,269,12
2010-05-06 00:00:00,-999,14
2010-05-07 00:00:00,-999,10
2010-05-08 00:00:00,290,7
2010-05-09 00:00:00,289,6
2010-05-10 00:00:00,-999,6
2010-05-11 00:00:00,-999,5
2010-05-12 00:00:00,-999,4
2010-05-13 00:00:00,-999,5
2010-05-14 00:00:00,-999,6
2010-05-15 00:00:00,-999,6
2010-05-16 00:00:00,-999,8
2010-05-17 00:00:00,-999,9
2010-05-18 00:00:00,269,11
2010-05-19 00:00:00,283,13
2010-05-20 00:00:00,284,13
2010-05-21 00:00:00,284,13
2010-05-22 00:00:00,284,16
2010-05-23 00:00:00,284,15
2010-05-24 00:00:00,283,15
2010-05-25 00:00:00,283,14
2010-05-26 00:00:00,282,14
2010-05-27 00:00:00,281,12
2010-05-28 00:00:00,268,11
2010-05-29 00:00:00,282,9
2010-05-30 00:00:00,268,11
2010-05-31 00:00:00,267,18
2010-06-01 00:00:00,286,27
2010-06-02 00:00:00,286,34
2010-06-03 00:00:00,288,43
2010-06-04 00:00:00,288,52
2010-06-05 00:00:00,289,59
2010-06-06 00:00:00,289,56
2010-06-07 00:00:00,290,48
2010-06-08 00:00:00,290,40
2010-06-09 00:00:00,287,31
2010-06-10 00:00:00,283,21
2010-06-11 00:00:00,284,10
2010-06-12 00:00:00,283,5
2010-06-13 00:00:00,284,8
2010-06-14 00:00:00,284,12
2010-06-15 00:00:00,285,15
2010-06-16 00:00:00,285,24
2010-06-17 00:00:00,285,35
2010-06-18 00:00:00,284,40
2010-06-19 00:00:00,286,37
2010-06-20 00:00:00,287,38
2010-06-21 00:00:00,287,34
2010-06-22 00:00:00,287,29
2010-06-23 00:00:00,288,22
2010-06-24 00:00:00,288,16
2010-06-25 00:00:00,288,14
2010-06-26 00:00:00,288,18
2010-06-27 00:00:00,289,14
2010-06-28 00:00:00,285,17
2010-06-29 00:00:00,289,25
2010-06-30 00:00:00,287,23
2010-07-01 00:00:00,290,18
2010-07-02 00:00:00,290,17
2010-07-03 00:00:00,291,18
2010-07-04 00:00:00,291,26
2010-07-05 00:00:00,291,23
2010-07-06 00:00:00,291,15
2010-07-07 00:00:00,291,15
2010-07-08 00:00:00,289,15
2010-07-09 00:00:00,290,13
2010-07-10 00:00:00,287,13
2010-07-11 00:00:00,287,6
2010-07-12 00:00:00,287,6
2010-07-13 00:00:00,288,6
2010-07-14 00:00:00,288,6
2010-07-15 00:00:00,289,13
2010-07-16 00:00:00,287,15
2010-07-17 00:00:00,287,10
2010-07-18 00:00:00,289,10
2010-07-19 00:00:00,289,10
2010-07-20 00:00:00,291,17
2010-07-21 00:00:00,290,27
2010-07-22 00:00:00,290,21
2010-07-23 00:00:00,289,20
2010-07-24 00:00:00,289,20
2010-07-25 00:00:00,289,28
2010-07-26 00:00:00,286,28
2010-07-27 00:00:00,288,21
2010-07-28 00:00:00,289,11
2010-07-29 00:00:00,290,18
2010-07-30 00:00:00,290,23
2010-07-31 00:00:00,291,23
2010-08-01 00:00:00,277,15
2010-08-02 00:00:00,282,15
2010-08-03 00:00:00,289,20
2010-08-04 00:00:00,285,26
2010-08-05 00:00:00,285,18
2010-08-06 00:00:00,286,16
2010-08-07 00:00:00,289,16
2010-08-08 00:00:00,281,15
2010-08-09 00:00:00,281,24
2010-08-10 00:00:00,290,30
2010-08-11 00:00:00,289,31
2010-08-12 00:00:00,289,39
2010-08-13 00:00:00,289,44
2010-08-14 00:00:00,289,44
2010-08-15 00:00:00,288,44
2010-08-16 00:00:00,287,35
2010-08-17 00:00:00,285,26
2010-08-18 00:00:00,291,20
2010-08-19 00:00:00,277,12
2010-08-20 00:00:00,281,5
2010-08-21 00:00:00,282,5
2010-08-22 00:00:00,283,12
2010-08-23 00:00:00,283,16
2010-08-24 00:00:00,283,23
2010-08-25 00:00:00,284,24
2010-08-26 00:00:00,284,24
2010-08-27 00:00:00,284,25
2010-08-28 00:00:00,291,25
2010-08-29 00:00:00,283,19
2010-08-30 00:00:00,290,20
2010-08-31 00:00:00,289,13
2010-09-01 00:00:00,272,20
2010-09-02 00:00:00,283,22
2010-09-03 00:00:00,283,19
2010-09-04 00:00:00,283,20
2010-09-05 00:00:00,283,21
2010-09-06 00:00:00,282,24
2010-09-07 00:00:00,281,22
2010-09-10 00:00:00,280,15
2010-09-11 00:00:00,278,14
2010-09-12 00:00:00,278,16
2010-09-13 00:00:00,278,12
2010-09-14 00:00:00,277,12
2010-09-15 00:00:00,277,9
2010-09-16 00:00:00,277,8
2010-09-17 00:00:00,276,8
2010-09-18 00:00:00,283,9
2010-09-19 00:00:00,272,7
2010-09-20 00:00:00,272,3
2010-09-21 00:00:00,271,3
2010-09-22 00:00:00,271,6
2010-09-23 00:00:00,271,9
2010-09-24 00:00:00,271,9
2010-09-25 00:00:00,271,8
2010-09-26 00:00:00,271,6
2010-09-27 00:00:00,270,6
2010-09-28 00:00:00,283,6
2010-09-29 00:00:00,283,3
2010-10-01 00:00:00,-999,3
2010-10-02 00:00:00,-999,3
2010-10-03 00:00:00,-999,3
2010-10-04 00:00:00,-999,2
2010-10-05 00:00:00,-999,1
2010-10-06 00:00:00,-999,1
2010-10-07 00:00:00,-999,1
2010-10-08 00:00:00,-999,2
2010-10-09 00:00:00,-999,4
2010-10-10 00:00:00,-999,4
2010-10-11 00:00:00,-999,6
2010-10-12 00:00:00,-999,7
2010-10-13 00:00:00,-999,7
2010-10-14 00:00:00,-999,9
2010-10-15 00:00:00,-999,9
2010-10-16 00:00:00,-999,9
2010-10-17 00:00:00,-999,11
2010-10-18 00:00:00,260,14
2010-10-19 00:00:00,260,14
2010-10-20 00:00:00,261,18
2010-10-21 00:00:00,259,21
2010-10-22 00:00:00,260,29
2010-10-23 00:00:00,259,32
2010-10-24 00:00:00,259,30
2010-10-25 00:00:00,259,26
2010-10-26 00:00:00,259,25
2010-10-27 00:00:00,258,20
2010-10-28 00:00:00,258,19
2010-10-29 00:00:00,256,11
2010-10-30 00:00:00,256,7
2010-10-31 00:00:00,256,7
2010-11-01 00:00:00,257,13
2010-11-02 00:00:00,257,18
2010-11-03 00:00:00,257,19
2010-11-04 00:00:00,258,16
2010-11-05 00:00:00,257,21
2010-11-06 00:00:00,257,21
2010-11-07 00:00:00,257,21
2010-11-08 00:00:00,255,15
2010-11-09 00:00:00,254,10
2010-11-10 00:00:00,254,10
2010-11-11 00:00:00,253,11
2010-11-12 00:00:00,256,8
2010-11-13 00:00:00,258,8
2010-11-14 00:00:00,258,8
2010-11-15 00:00:00,254,14
2010-11-16 00:00:00,254,17
2010-11-17 00:00:00,255,19
2010-11-18 00:00:00,255,17
2010-11-19 00:00:00,252,14
2010-11-20 00:00:00,252,13
2010-11-21 00:00:00,252,14
2010-11-22 00:00:00,255,7
2010-11-23 00:00:00,256,4
2010-11-24 00:00:00,-999,1
2010-11-25 00:00:00,246,6
2010-11-26 00:00:00,245,12
2010-11-27 00:00:00,243,18
2010-11-28 00:00:00,243,18
2010-11-29 00:00:00,243,18
2010-11-30 00:00:00,242,25
2010-12-01 00:00:00,242,36
2010-12-02 00:00:00,240,41
2010-12-03 00:00:00,240,44
2010-12-04 00:00:00,239,48
2010-12-05 00:00:00,238,51
2010-12-06 00:00:00,238,57
2010-12-07 00:00:00,238,50
2010-12-08 00:00:00,237,39
2010-12-09 00:00:00,237,35
2010-12-10 00:00:00,237,35
2010-12-11 00:00:00,238,28
2010-12-12 00:00:00,240,34
2010-12-13 00:00:00,242,38
2010-12-14 00:00:00,242,38
2010-12-15 00:00:00,242,39
2010-12-16 00:00:00,243,34
2010-12-17 00:00:00,244,26
2010-12-18 00:00:00,244,24
2010-12-19 00:00:00,245,14
2010-12-20 00:00:00,-999,4
2010-12-21 00:00:00,-999,4
2010-12-22 00:00:00,-999,3
2010-12-23 00:00:00,-999,2
2010-12-24 00:00:00,240,4
2010-12-25 00:00:00,240,4
2010-12-26 00:00:00,240,9
2010-12-27 00:00:00,242,10
2010-12-28 00:00:00,246,22
2010-12-29 00:00:00,247,25
2010-12-30 00:00:00,247,25
2010-12-31 00:00:00,248,24
2011-01-01 00:00:00,248,23
2011-01-02 00:00:00,248,25
2011-01-03 00:00:00,248,24
2011-01-04 00:00:00,250,17
2011-01-05 00:00:00,248,19
2011-01-06 00:00:00,248,21
2011-01-07 00:00:00,249,19
2011-01-08 00:00:00,247,24
2011-01-09 00:00:00,248,17
2011-01-10 00:00:00,248,19
2011-01-11 00:00:00,244,16
2011-01-12 00:00:00,244,11
2011-01-13 00:00:00,242,11
2011-01-14 00:00:00,241,13
2011-01-15 00:00:00,234,19
2011-01-16 00:00:00,234,28
2011-01-17 00:00:00,233,32
2011-01-18 00:00:00,233,37
2011-01-19 00:00:00,235,45
2011-01-20 00:00:00,235,50
2011-01-21 00:00:00,235,50
2011-01-22 00:00:00,237,48
2011-01-23 00:00:00,239,45
2011-01-24 00:00:00,241,41
2011-01-25 00:00:00,243,43
2011-01-26 00:00:00,244,38
2011-01-27 00:00:00,246,35
2011-01-28 00:00:00,247,34
2011-01-29 00:00:00,249,33
2011-01-30 00:00:00,248,31
2011-01-31 00:00:00,248,32
2011-02-01 00:00:00,247,29
2011-02-02 00:00:00,246,30
2011-02-03 00:00:00,245,27
2011-02-04 00:00:00,245,26
2011-02-05 00:00:00,245,18
2011-02-06 00:00:00,245,14
2011-02-07 00:00:00,244,12
2011-02-08 00:00:00,242,10
2011-02-09 00:00:00,239,10
2011-02-10 00:00:00,238,18
2011-02-11 00:00:00,238,23
2011-02-12 00:00:00,239,25
2011-02-13 00:00:00,240,27
2011-02-14 00:00:00,240,32
2011-02-15 00:00:00,241,31
2011-02-16 00:00:00,241,28
2011-02-17 00:00:00,243,24
2011-02-18 00:00:00,243,20
2011-02-19 00:00:00,243,19
2011-02-20 00:00:00,243,17
2011-02-21 00:00:00,244,11
2011-02-22 00:00:00,242,12
2011-02-23 00:00:00,242,18
2011-02-24 00:00:00,241,20
2011-02-25 00:00:00,242,28
2011-02-26 00:00:00,242,37
2011-02-27 00:00:00,243,42
2011-02-28 00:00:00,243,44
2011-03-01 00:00:00,244,43
2011-03-02 00:00:00,244,36
2011-03-03 00:00:00,244,34
2011-03-04 00:00:00,244,33
2011-03-05 00:00:00,244,26
2011-03-06 00:00:00,243,24
2011-03-07 00:00:00,243,26
2011-03-08 00:00:00,242,29
2011-03-09 00:00:00,243,37
2011-03-10 00:00:00,245,32
2011-03-11 00:00:00,246,28
2011-03-12 00:00:00,246,31
2011-03-13 00:00:00,247,37
2011-03-14 00:00:00,249,41
2011-03-15 00:00:00,251,40
2011-03-16 00:00:00,253,42
2011-03-17 00:00:00,254,52
2011-03-18 00:00:00,255,54
2011-03-19 00:00:00,256,56
2011-03-20 00:00:00,257,52
2011-03-21 00:00:00,257,46
2011-03-22 00:00:00,258,44
2011-03-23 00:00:00,258,34
2011-03-24 00:00:00,258,31
2011-03-25 00:00:00,258,26
2011-03-26 00:00:00,257,22
2011-03-27 00:00:00,256,22
2011-03-28 00:00:00,255,28
2011-03-29 00:00:00,255,28
2011-03-30 00:00:00,255,29
2011-03-31 00:00:00,254,22
2011-04-01 00:00:00,253,24
2011-04-02 00:00:00,254,24
2011-04-03 00:00:00,252,27
2011-04-04 00:00:00,250,25
2011-04-05 00:00:00,249,28
2011-04-06 00:00:00,249,35
2011-04-07 00:00:00,249,45
2011-04-08 00:00:00,249,50
2011-04-09 00:00:00,249,52
2011-04-10 00:00:00,250,48
2011-04-11 00:00:00,250,42
2011-04-12 00:00:00,251,36
2011-04-13 00:00:00,252,28
2011-04-14 00:00:00,254,19
2011-04-15 00:00:00,257,16
2011-04-16 00:00:00,256,15
2011-04-17 00:00:00,255,20
2011-04-18 00:00:00,256,24
2011-04-19 00:00:00,255,32
2011-04-20 00:00:00,257,43
2011-04-21 00:00:00,257,44
2011-04-22 00:00:00,257,46
2011-04-23 00:00:00,257,48
2011-04-24 00:00:00,258,40
2011-04-25 00:00:00,259,46
2011-04-26 00:00:00,260,43
2011-04-27 00:00:00,260,34
2011-04-28 00:00:00,260,34
2011-04-29 00:00:00,262,29
2011-04-30 00:00:00,264,25
2011-05-01 00:00:00,264,24
2011-05-02 00:00:00,264,16
2011-05-03 00:00:00,264,18
2011-05-04 00:00:00,265,16
2011-05-05 00:00:00,265,15
2011-05-06 00:00:00,264,20
2011-05-07 00:00:00,264,19
2011-05-08 00:00:00,264,20
2011-05-09 00:00:00,264,19
2011-05-10 00:00:00,265,15
2011-05-11 00:00:00,267,22
2011-05-12 00:00:00,269,27
2011-05-13 00:00:00,272,30
2011-05-14 00:00:00,274,39
2011-05-15 00:00:00,274,42
2011-05-16 00:00:00,275,47
2011-05-17 00:00:00,275,47
2011-05-18 00:00:00,276,42
2011-05-19 00:00:00,276,38
2011-05-20 00:00:00,277,30
2011-05-21 00:00:00,278,21
2011-05-22 00:00:00,278,18
2011-05-23 00:00:00,277,13
2011-05-24 00:00:00,278,12
2011-05-25 00:00:00,278,11
2011-05-26 00:00:00,278,10
2011-05-27 00:00:00,277,8
2011-05-28 00:00:00,277,7
2011-05-29 00:00:00,280,10
2011-05-30 00:00:00,282,11
2011-05-31 00:00:00,283,10
2011-06-01 00:00:00,282,11
2011-06-02 00:00:00,283,10
2011-06-03 00:00:00,283,10
2011-06-04 00:00:00,283,9
2011-06-05 00:00:00,282,5
2011-06-06 00:00:00,280,3
2011-06-07 00:00:00,-999,2
2011-06-08 00:00:00,-999,3
2011-06-09 00:00:00,-999,5
2011-06-10 00:00:00,286,9
2011-06-11 00:00:00,286,9
2011-06-12 00:00:00,286,9
2011-06-13 00:00:00,287,18
2011-06-14 00:00:00,287,18
2011-06-15 00:00:00,287,19
2011-06-16 00:00:00,288,24
2011-06-17 00:00:00,290,27
2011-06-18 00:00:00,290,33
2011-06-19 00:00:00,290,43
2011-06-20 00:00:00,291,46
2011-06-21 00:00:00,291,56
2011-06-22 00:00:00,291,61
2011-06-23 00:00:00,290,54
2011-06-24 00:00:00,290,48
2011-06-25 00:00:00,290,49
2011-06-26 00:00:00,290,42
2011-06-27 00:00:00,289,30
2011-06-28 00:00:00,288,20
2011-06-29 00:00:00,290,18
2011-06-30 00:00:00,290,18
2011-07-01 00:00:00,290,17
2011-07-02 00:00:00,289,10
2011-07-03 00:00:00,290,7
2011-07-04 00:00:00,289,9
2011-07-05 00:00:00,290,10
2011-07-06 00:00:00,288,3
2011-07-07 00:00:00,288,3
2011-07-08 00:00:00,288,3
2011-07-09 00:00:00,289,9
2011-07-10 00:00:00,289,9
2011-07-11 00:00:00,-999,10
2011-07-12 00:00:00,-999,12
2011-07-13 00:00:00,290,13
2011-07-14 00:00:00,290,23
2011-07-15 00:00:00,290,30
2011-07-16 00:00:00,290,27
2011-07-17 00:00:00,290,30
2011-07-18 00:00:00,290,27
2011-07-19 00:00:00,290,24
2011-07-20 00:00:00,290,24
2011-07-21 00:00:00,291,14
2011-07-22 00:00:00,291,14
2011-07-23 00:00:00,291,18
2011-07-24 00:00:00,291,15
2011-07-25 00:00:00,291,15
2011-07-26 00:00:00,290,19
2011-07-27 00:00:00,290,25
2011-07-28 00:00:00,290,27
2011-07-29 00:00:00,291,25
2011-07-30 00:00:00,292,25
2011-07-31 00:00:00,292,25
2011-08-01 00:00:00,292,25
2011-08-02 00:00:00,292,27
2011-08-03 00:00:00,292,21
2011-08-04 00:00:00,291,19
2011-08-05 00:00:00,290,14
2011-08-06 00:00:00,287,7
2011-08-07 00:00:00,287,10
2011-08-08 00:00:00,287,14
2011-08-09 00:00:00,284,9
2011-08-10 00:00:00,282,9
2011-08-11 00:00:00,281,10
2011-08-12 00:00:00,280,11
2011-08-13 00:00:00,282,19
2011-08-14 00:00:00,282,18
2011-08-15 00:00:00,281,15
2011-08-16 00:00:00,283,19
2011-08-17 00:00:00,283,20
2011-08-18 00:00:00,283,19
2011-08-19 00:00:00,284,21
2011-08-20 00:00:00,284,21
2011-08-21 00:00:00,285,26
2011-08-22 00:00:00,285,25
2011-08-23 00:00:00,285,20
2011-08-24 00:00:00,285,20
2011-08-25 00:00:00,284,32
2011-08-26 00:00:00,283,39
2011-08-27 00:00:00,283,31
2011-08-28 00:00:00,282,24
2011-08-29 00:00:00,282,24
2011-08-30 00:00:00,282,24
2011-08-31 00:00:00,282,22
2011-09-01 00:00:00,282,10
2011-09-02 00:00:00,-999,-999
2011-09-03 00:00:00,-999,1
2011-09-04 00:00:00,-999,1
2011-09-05 00:00:00,279,2
2011-09-06 00:00:00,281,11
2011-09-07 00:00:00,282,19
2011-09-08 00:00:00,282,21
2011-09-09 00:00:00,282,21
2011-09-10 00:00:00,282,20
2011-09-11 00:00:00,282,20
2011-09-12 00:00:00,282,19
2011-09-13 00:00:00,282,11
2011-09-14 00:00:00,-999,3
2011-09-15 00:00:00,-999,1
2011-09-16 00:00:00,-999,1
2011-09-17 00:00:00,-999,1
2011-09-18 00:00:00,-999,4
2011-09-19 00:00:00,-999,4
2011-09-20 00:00:00,-999,3
2011-09-21 00:00:00,-999,3
2011-09-22 00:00:00,-999,3
2011-09-23 00:00:00,-999,4
2011-09-24 00:00:00,-999,4
2011-09-25 00:00:00,-999,2
2011-09-26 00:00:00,-999,4
2011-09-27 00:00:00,274,7
2011-09-28 00:00:00,274,7
2011-09-29 00:00:00,273,8
2011-09-30 00:00:00,273,8
2011-10-01 00:00:00,273,9
2011-10-02 00:00:00,271,10
2011-10-03 00:00:00,271,8
2011-10-04 00:00:00,267,6
2011-10-05 00:00:00,267,6
2011-10-06 00:00:00,267,7
2011-10-07 00:00:00,267,10
2011-10-08 00:00:00,267,12
2011-10-09 00:00:00,267,11
2011-10-10 00:00:00,267,11
2011-10-11 00:00:00,267,10
2011-10-12 00:00:00,266,11
2011-10-13 00:00:00,265,9
2011-10-14 00:00:00,266,5
2011-10-15 00:00:00,265,3
2011-10-16 00:00:00,264,6
2011-10-17 00:00:00,263,7
2011-10-18 00:00:00,263,7
2011-10-19 00:00:00,264,7
2011-10-20 00:00:00,264,7
2011-10-21 00:00:00,261,11
2011-10-22 00:00:00,261,13
2011-10-23 00:00:00,260,17
2011-10-24 00:00:00,260,18
2011-10-25 00:00:00,259,22
2011-10-26 00:00:00,258,23
2011-10-27 00:00:00,259,24
2011-10-28 00:00:00,259,22
2011-10-29 00:00:00,258,19
2011-10-30 00:00:00,257,12
2011-10-31 00:00:00,256,11
2011-11-01 00:00:00,255,7
2011-11-02 00:00:00,256,5
2011-11-03 00:00:00,253,11
2011-11-04 00:00:00,252,13
2011-11-05 00:00:00,251,14
2011-11-06 00:00:00,251,13
2011-11-07 00:00:00,250,12
2011-11-08 00:00:00,249,13
2011-11-09 00:00:00,248,14
2011-11-10 00:00:00,242,11
2011-11-11 00:00:00,238,7
2011-11-12 00:00:00,239,8
2011-11-13 00:00:00,239,8
2011-11-14 00:00:00,239,12
2011-11-15 00:00:00,239,11
2011-11-16 00:00:00,239,10
2011-11-17 00:00:00,241,6
2011-11-18 00:00:00,241,6
2011-11-19 00:00:00,241,4
2011-11-20 00:00:00,242,5
2011-11-21 00:00:00,241,3
2011-11-22 00:00:00,238,11
2011-11-23 00:00:00,238,16
2011-11-24 00:00:00,238,20
2011-11-25 00:00:00,238,20
2011-11-26 00:00:00,238,20
2011-11-27 00:00:00,239,24
2011-11-28 00:00:00,238,23
2011-11-29 00:00:00,239,15
2011-11-30 00:00:00,239,11
2011-12-01 00:00:00,241,12
2011-12-02 00:00:00,242,15
2011-12-03 00:00:00,243,19
2011-12-04 00:00:00,241,14
2011-12-05 00:00:00,244,13
2011-12-06 00:00:00,244,13
2011-12-07 00:00:00,244,13
2011-12-08 00:00:00,-999,8
2011-12-09 00:00:00,-999,6
2011-12-10 00:00:00,-999,2
2011-12-11 00:00:00,-999,4
2011-12-12 00:00:00,244,9
2011-12-13 00:00:00,244,9
2011-12-14 00:00:00,242,16
2011-12-15 00:00:00,242,19
2011-12-16 00:00:00,242,19
2011-12-17 00:00:00,242,19
2011-12-18 00:00:00,243,17
2011-12-19 00:00:00,242,12
2011-12-20 00:00:00,242,12
2011-12-21 00:00:00,247,4
2011-12-22 00:00:00,-999,6
2011-12-23 00:00:00,-999,5
2011-12-24 00:00:00,238,8
2011-12-25 00:00:00,238,13
2011-12-26 00:00:00,238,18
2011-12-27 00:00:00,239,19
2011-12-28 00:00:00,238,26
2011-12-29 00:00:00,238,27
2011-12-30 00:00:00,238,28
2011-12-31 00:00:00,239,27
2012-01-01 00:00:00,239,25
2012-01-02 00:00:00,240,22
2012-01-03 00:00:00,239,23
2012-01-04 00:00:00,241,21
2012-01-05 00:00:00,245,23
2012-01-06 00:00:00,246,25
2012-01-07 00:00:00,246,24
2012-01-08 00:00:00,245,25
2012-01-09 00:00:00,245,24
2012-01-10 00:00:00,246,22
2012-01-11 00:00:00,246,17
2012-01-12 00:00:00,243,9
2012-01-13 00:00:00,239,6
2012-01-14 00:00:00,239,5
2012-01-15 00:00:00,-999,3
2012-01-16 00:00:00,235,10
2012-01-17 00:00:00,235,10
2012-01-18 00:00:00,236,11
2012-01-19 00:00:00,236,11
2012-01-20 00:00:00,236,11
2012-01-21 00:00:00,236,14
2012-01-22 00:00:00,233,18
2012-01-23 00:00:00,231,17
2012-01-24 00:00:00,232,27
2012-01-25 00:00:00,232,30
2012-01-26 00:00:00,232,34
2012-01-27 00:00:00,235,44
2012-01-28 00:00:00,235,44
2012-01-29 00:00:00,237,40
2012-01-30 00:00:00,239,36
2012-01-31 00:00:00,243,29
2012-02-01 00:00:00,245,33
2012-02-02 00:00:00,247,33
2012-02-03 00:00:00,251,30
2012-02-04 00:00:00,252,30
2012-02-05 00:00:00,254,37
2012-02-06 00:00:00,254,35
2012-02-07 00:00:00,254,36
2012-02-08 00:00:00,255,29
2012-02-09 00:00:00,256,27
2012-02-10 00:00:00,255,21
2012-02-11 00:00:00,255,17
2012-02-12 00:00:00,253,10
2012-02-13 00:00:00,252,9
2012-02-14 00:00:00,252,5
2012-02-15 00:00:00,251,5
2012-02-16 00:00:00,245,5
2012-02-17 00:00:00,245,5
2012-02-18 00:00:00,245,8
2012-02-19 00:00:00,243,8
2012-02-20 00:00:00,240,11
2012-02-21 00:00:00,240,11
2012-02-22 00:00:00,239,12
2012-02-23 00:00:00,237,16
2012-02-24 00:00:00,236,22
2012-02-25 00:00:00,236,21
2012-02-26 00:00:00,235,22
2012-02-27 00:00:00,236,22
2012-02-28 00:00:00,237,29
2012-02-29 00:00:00,237,27
2012-03-01 00:00:00,239,26
2012-03-02 00:00:00,240,26
2012-03-03 00:00:00,240,26
2012-03-04 00:00:00,241,26
2012-03-05 00:00:00,241,29
2012-03-06 00:00:00,241,22
2012-03-07 00:00:00,241,23
2012-03-08 00:00:00,240,21
2012-03-09 00:00:00,240,20
2012-03-10 00:00:00,239,22
2012-03-11 00:00:00,239,22
2012-03-12 00:00:00,238,17
2012-03-13 00:00:00,238,17
2012-03-14 00:00:00,238,16
2012-03-15 00:00:00,237,13
2012-03-16 00:00:00,240,13
2012-03-17 00:00:00,241,13
2012-03-18 00:00:00,243,15
2012-03-19 00:00:00,243,16
2012-03-20 00:00:00,243,20
2012-03-21 00:00:00,243,20
2012-03-22 00:00:00,244,28
2012-03-23 00:00:00,245,27
2012-03-24 00:00:00,245,23
2012-03-25 00:00:00,245,18
2012-03-26 00:00:00,246,18
2012-03-27 00:00:00,247,18
2012-03-28 00:00:00,247,20
2012-03-29 00:00:00,249,20
2012-03-30 00:00:00,250,22
2012-03-31 00:00:00,251,23
2012-04-01 00:00:00,252,29
2012-04-02 00:00:00,253,30
2012-04-03 00:00:00,253,26
2012-04-04 00:00:00,255,28
2012-04-05 00:00:00,258,31
2012-04-06 00:00:00,259,35
2012-04-07 00:00:00,259,44
2012-04-08 00:00:00,259,45
2012-04-09 00:00:00,260,54
2012-04-10 00:00:00,260,57
2012-04-11 00:00:00,261,63
2012-04-12 00:00:00,261,62
2012-04-13 00:00:00,262,52
2012-04-14 00:00:00,262,42
2012-04-15 00:00:00,263,43
2012-04-16 00:00:00,262,40
2012-04-17 00:00:00,262,47
2012-04-18 00:00:00,261,47
2012-04-19 00:00:00,261,41
2012-04-20 00:00:00,261,41
2012-04-21 00:00:00,261,43
2012-04-22 00:00:00,261,39
2012-04-23 00:00:00,262,36
2012-04-24 00:00:00,262,26
2012-04-25 00:00:00,263,17
2012-04-26 00:00:00,264,13
2012-04-27 00:00:00,264,18
2012-04-28 00:00:00,263,20
2012-04-29 00:00:00,264,16
2012-04-30 00:00:00,263,12
2012-05-01 00:00:00,264,13
2012-05-02 00:00:00,264,13
2012-05-03 00:00:00,264,13
2012-05-04 00:00:00,265,12
2012-05-05 00:00:00,268,13
2012-05-06 00:00:00,270,22
2012-05-07 00:00:00,272,25
2012-05-08 00:00:00,272,32
2012-05-09 00:00:00,272,31
2012-05-10 00:00:00,272,33
2012-05-11 00:00:00,273,37
2012-05-12 00:00:00,273,40
2012-05-13 00:00:00,273,40
2012-05-14 00:00:00,274,45
2012-05-15 00:00:00,274,45
2012-05-16 00:00:00,274,53
2012-05-17 00:00:00,274,56
2012-05-18 00:00:00,275,52
2012-05-19 00:00:00,275,44
2012-05-20 00:00:00,275,36
2012-05-21 00:00:00,275,26
2012-05-22 00:00:00,275,20
2012-05-23 00:00:00,274,13
2012-05-24 00:00:00,274,8
2012-05-25 00:00:00,275,4
2012-05-26 00:00:00,275,4
2012-05-27 00:00:00,277,3
2012-05-28 00:00:00,277,4
2012-05-29 00:00:00,282,4
2012-05-30 00:00:00,283,7
2012-05-31 00:00:00,283,8
2012-06-01 00:00:00,283,9
2012-06-02 00:00:00,283,9
2012-06-03 00:00:00,283,9
2012-06-04 00:00:00,284,14
2012-06-05 00:00:00,284,14
2012-06-06 00:00:00,285,10
2012-06-07 00:00:00,284,15
2012-06-08 00:00:00,285,22
2012-06-09 00:00:00,286,29
2012-06-10 00:00:00,287,35
2012-06-11 00:00:00,288,38
2012-06-12 00:00:00,288,40
2012-06-13 00:00:00,288,47
2012-06-14 00:00:00,289,44
2012-06-15 00:00:00,289,44
2012-06-16 00:00:00,290,40
2012-06-17 00:00:00,290,34
2012-06-18 00:00:00,290,27
2012-06-19 00:00:00,291,27
2012-06-20 00:00:00,292,20
2012-06-21 00:00:00,291,21
2012-06-22 00:00:00,290,21
2012-06-23 00:00:00,290,21
2012-06-24 00:00:00,290,28
2012-06-25 00:00:00,290,32
2012-06-26 00:00:00,290,28
2012-06-27 00:00:00,290,29
2012-06-28 00:00:00,290,26
2012-06-29 00:00:00,291,25
2012-06-30 00:00:00,292,29
2012-07-01 00:00:00,293,27
2012-07-02 00:00:00,293,21
2012-07-03 00:00:00,293,21
2012-07-04 00:00:00,292,22
2012-07-05 00:00:00,292,24
2012-07-06 00:00:00,291,27
2012-07-07 00:00:00,291,28
2012-07-08 00:00:00,291,25
2012-07-09 00:00:00,291,26
2012-07-10 00:00:00,291,28
2012-07-11 00:00:00,291,26
2012-07-12 00:00:00,291,24
2012-07-13 00:00:00,291,16
2012-07-14 00:00:00,290,11
2012-07-15 00:00:00,289,10
2012-07-16 00:00:00,288,9
2012-07-17 00:00:00,288,7
2012-07-18 00:00:00,288,7
2012-07-19 00:00:00,288,8
2012-07-20 00:00:00,288,6
2012-07-21 00:00:00,291,8
2012-07-22 00:00:00,291,8
2012-07-23 00:00:00,293,17
2012-07-24 00:00:00,294,24
2012-07-25 00:00:00,294,25
2012-07-26 00:00:00,294,24
2012-07-27 00:00:00,294,27
2012-07-28 00:00:00,294,23
2012-07-29 00:00:00,293,24
2012-07-30 00:00:00,292,20
2012-07-31 00:00:00,291,21
2012-08-01 00:00:00,291,20
2012-08-02 00:00:00,291,19
2012-08-03 00:00:00,289,23
2012-08-04 00:00:00,289,23
2012-08-05 00:00:00,289,21
2012-08-06 00:00:00,289,19
2012-08-07 00:00:00,287,11
2012-08-08 00:00:00,286,16
2012-08-09 00:00:00,286,18
2012-08-10 00:00:00,286,12
2012-08-11 00:00:00,286,15
2012-08-12 00:00:00,287,22
2012-08-13 00:00:00,287,23
2012-08-14 00:00:00,288,29
2012-08-15 00:00:00,288,25
2012-08-16 00:00:00,288,25
2012-08-17 00:00:00,288,34
2012-08-18 00:00:00,289,42
2012-08-19 00:00:00,289,36
2012-08-20 00:00:00,289,34
2012-08-21 00:00:00,288,29
2012-08-22 00:00:00,288,28
2012-08-23 00:00:00,288,30
2012-08-24 00:00:00,287,22
2012-08-25 00:00:00,284,10
2012-08-26 00:00:00,284,9
2012-08-27 00:00:00,283,7
2012-08-28 00:00:00,283,7
2012-08-29 00:00:00,283,8
2012-08-30 00:00:00,283,8
2012-08-31 00:00:00,285,7
2012-09-01 00:00:00,285,8
2012-09-02 00:00:00,284,10
2012-09-03 00:00:00,284,10
2012-09-04 00:00:00,284,9
2012-09-05 00:00:00,284,8
2012-09-06 00:00:00,-999,4
2012-09-07 00:00:00,-999,4
2012-09-08 00:00:00,-999,3
2012-09-09 00:00:00,278,6
2012-09-10 00:00:00,278,6
2012-09-11 00:00:00,278,10
2012-09-12 00:00:00,280,17
2012-09-13 00:00:00,280,17
2012-09-14 00:00:00,281,21
2012-09-15 00:00:00,281,23
2012-09-16 00:00:00,281,22
2012-09-17 00:00:00,282,27
2012-09-18 00:00:00,282,23
2012-09-19 00:00:00,283,16
2012-09-20 00:00:00,283,16
2012-09-21 00:00:00,282,11
2012-09-22 00:00:00,281,9
2012-09-23 00:00:00,282,6
2012-09-24 00:00:00,-999,1
2012-09-25 00:00:00,-999,4
2012-09-26 00:00:00,275,12
2012-09-27 00:00:00,275,16
2012-09-28 00:00:00,275,18
2012-09-29 00:00:00,275,20
2012-09-30 00:00:00,275,19
2012-10-01 00:00:00,275,20
2012-10-02 00:00:00,276,17
2012-10-03 00:00:00,275,9
2012-10-04 00:00:00,275,6
2012-10-05 00:00:00,272,6
2012-10-06 00:00:00,270,5
2012-10-07 00:00:00,269,6
2012-10-08 00:00:00,268,5
2012-10-09 00:00:00,268,5
2012-10-10 00:00:00,268,5
2012-10-11 00:00:00,267,4
2012-10-12 00:00:00,266,2
2012-10-13 00:00:00,-999,1
2012-10-14 00:00:00,-999,1
2012-10-15 00:00:00,263,11
2012-10-16 00:00:00,263,19
2012-10-17 00:00:00,263,20
2012-10-18 00:00:00,262,24
2012-10-19 00:00:00,262,28
2012-10-20 00:00:00,262,30
2012-10-21 00:00:00,262,29
2012-10-22 00:00:00,262,21
2012-10-23 00:00:00,261,14
2012-10-24 00:00:00,261,13
2012-10-25 00:00:00,260,11
2012-10-26 00:00:00,259,9
2012-10-27 00:00:00,255,13
2012-10-28 00:00:00,255,13
2012-10-29 00:00:00,253,12
2012-10-30 00:00:00,252,11
2012-10-31 00:00:00,250,19
2012-11-01 00:00:00,249,25
2012-11-02 00:00:00,249,27
2012-11-03 00:00:00,248,25
2012-11-04 00:00:00,248,25
2012-11-05 00:00:00,248,25
2012-11-06 00:00:00,248,29
2012-11-07 00:00:00,249,21
2012-11-08 00:00:00,251,13
2012-11-09 00:00:00,250,9
2012-11-10 00:00:00,-999,5
2012-11-11 00:00:00,-999,5
2012-11-12 00:00:00,247,5
2012-11-13 00:00:00,-999,1
2012-11-14 00:00:00,246,3
2012-11-15 00:00:00,246,3
2012-11-16 00:00:00,246,3
2012-11-17 00:00:00,246,7
2012-11-18 00:00:00,246,10
2012-11-19 00:00:00,246,9
2012-11-20 00:00:00,246,9
2012-11-21 00:00:00,246,9
2012-11-22 00:00:00,246,10
2012-11-23 00:00:00,246,10
2012-11-24 00:00:00,-999,6
2012-11-25 00:00:00,-999,4
2012-11-26 00:00:00,240,10
2012-11-27 00:00:00,240,10
2012-11-28 00:00:00,240,14
2012-11-29 00:00:00,240,16
2012-11-30 00:00:00,241,17
2012-12-01 00:00:00,241,17
2012-12-02 00:00:00,240,22
2012-12-03 00:00:00,238,27
2012-12-04 00:00:00,237,38
2012-12-05 00:00:00,236,39
2012-12-06 00:00:00,236,39
2012-12-07 00:00:00,236,38
2012-12-08 00:00:00,236,42
2012-12-09 00:00:00,236,37
2012-12-10 00:00:00,236,26
2012-12-11 00:00:00,237,20
2012-12-12 00:00:00,238,20
2012-12-13 00:00:00,240,24
2012-12-14 00:00:00,240,30
2012-12-15 00:00:00,239,36
2012-12-16 00:00:00,239,45
2012-12-17 00:00:00,238,52
2012-12-18 00:00:00,238,58
2012-12-19 00:00:00,239,58
2012-12-20 00:00:00,239,61
2012-12-21 00:00:00,240,58
2012-12-22 00:00:00,241,55
2012-12-23 00:00:00,242,48
2012-12-24 00:00:00,244,41
2012-12-25 00:00:00,246,30
2012-12-26 00:00:00,246,23
2012-12-27 00:00:00,247,13
2012-12-28 00:00:00,247,10
2012-12-29 00:00:00,245,3
2012-12-30 00:00:00,-999,-999
2013-01-01 00:00:00,244,31
2013-01-02 00:00:00,244,31
2013-01-03 00:00:00,244,33
2013-01-04 00:00:00,240,36
2013-01-05 00:00:00,239,34
2013-01-06 00:00:00,239,37
2013-01-07 00:00:00,239,38
2013-01-08 00:00:00,239,31
2013-01-09 00:00:00,239,27
2013-01-10 00:00:00,239,29
2013-01-11 00:00:00,241,20
2013-01-12 00:00:00,242,18
2013-01-13 00:00:00,241,22
2013-01-14 00:00:00,238,31
2013-01-15 00:00:00,238,38
2013-01-16 00:00:00,237,50
2013-01-17 00:00:00,237,55
2013-01-18 00:00:00,237,64
2013-01-19 00:00:00,238,72
2013-01-20 00:00:00,238,73
2013-01-21 00:00:00,238,65
2013-01-22 00:00:00,238,61
2013-01-23 00:00:00,239,60
2013-01-24 00:00:00,239,60
2013-01-25 00:00:00,238,50
2013-01-26 00:00:00,238,42
2013-01-27 00:00:00,238,42
2013-01-28 00:00:00,238,45
2013-01-29 00:00:00,238,42
2013-01-30 00:00:00,239,32
2013-01-31 00:00:00,238,31
2013-02-01 00:00:00,239,35
2013-02-02 00:00:00,239,34
2013-02-03 00:00:00,240,33
2013-02-04 00:00:00,243,33
2013-02-05 00:00:00,243,35
2013-02-06 00:00:00,242,38
2013-02-07 00:00:00,243,39
2013-02-08 00:00:00,243,39
2013-02-09 00:00:00,243,39
2013-02-10 00:00:00,244,36
2013-02-11 00:00:00,242,30
2013-02-12 00:00:00,242,32
2013-02-13 00:00:00,242,28
2013-02-14 00:00:00,243,20
2013-02-15 00:00:00,243,14
2013-02-16 00:00:00,242,21
2013-02-17 00:00:00,241,19
2013-02-18 00:00:00,241,19
2013-02-19 00:00:00,240,17
2013-02-20 00:00:00,240,27
2013-02-21 00:00:00,241,32
2013-02-22 00:00:00,241,38
2013-02-23 00:00:00,242,34
2013-02-24 00:00:00,242,33
2013-02-25 00:00:00,242,37
2013-02-26 00:00:00,241,40
2013-02-27 00:00:00,241,36
2013-02-28 00:00:00,240,40
2013-03-01 00:00:00,240,43
2013-03-02 00:00:00,240,43
2013-03-03 00:00:00,242,45
2013-03-04 00:00:00,242,44
2013-03-05 00:00:00,243,39
2013-03-06 00:00:00,244,33
2013-03-07 00:00:00,244,29
2013-03-08 00:00:00,244,26
2013-03-09 00:00:00,243,32
2013-03-10 00:00:00,243,36
2013-03-11 00:00:00,244,38
2013-03-12 00:00:00,244,37
2013-03-13 00:00:00,244,37
2013-03-14 00:00:00,245,35
2013-03-15 00:00:00,246,36
2013-03-16 00:00:00,247,34
2013-03-17 00:00:00,248,35
2013-03-18 00:00:00,249,36
2013-03-19 00:00:00,249,39
2013-03-20 00:00:00,249,42
2013-03-21 00:00:00,249,41
2013-03-22 00:00:00,250,39
2013-03-23 00:00:00,251,41
2013-03-24 00:00:00,252,43
2013-03-25 00:00:00,252,48
2013-03-26 00:00:00,252,47
2013-03-27 00:00:00,251,51
2013-03-28 00:00:00,251,52
2013-03-29 00:00:00,251,48
2013-03-30 00:00:00,250,45
2013-03-31 00:00:00,248,40
2013-04-01 00:00:00,246,37
2013-04-02 00:00:00,246,36
2013-04-03 00:00:00,246,29
2013-04-04 00:00:00,245,27
2013-04-05 00:00:00,245,24
2013-04-06 00:00:00,246,18
2013-04-07 00:00:00,251,22
2013-04-08 00:00:00,254,23
2013-04-09 00:00:00,254,30
2013-04-10 00:00:00,254,39
2013-04-11 00:00:00,254,46
2013-04-12 00:00:00,253,53
2013-04-13 00:00:00,254,58
2013-04-14 00:00:00,253,49
2013-04-15 00:00:00,254,41
2013-04-16 00:00:00,256,42
2013-04-17 00:00:00,259,42
2013-04-18 00:00:00,260,34
2013-04-19 00:00:00,263,28
2013-04-20 00:00:00,263,23
2013-04-21 00:00:00,263,24
2013-04-22 00:00:00,260,30
2013-04-23 00:00:00,259,24
2013-04-24 00:00:00,253,21
2013-04-25 00:00:00,253,29
2013-04-26 00:00:00,252,35
2013-04-27 00:00:00,253,42
2013-04-28 00:00:00,253,40
2013-04-29 00:00:00,254,38
2013-04-30 00:00:00,255,44
2013-05-01 00:00:00,257,45
2013-05-02 00:00:00,259,41
2013-05-03 00:00:00,261,42
2013-05-04 00:00:00,265,43
2013-05-05 00:00:00,265,50
2013-05-06 00:00:00,267,51
2013-05-07 00:00:00,268,52
2013-05-08 00:00:00,268,50
2013-05-09 00:00:00,269,54
2013-05-10 00:00:00,270,57
2013-05-11 00:00:00,270,56
2013-05-12 00:00:00,270,50
2013-05-13 00:00:00,269,46
2013-05-14 00:00:00,270,45
2013-05-15 00:00:00,271,51
2013-05-16 00:00:00,272,52
2013-05-17 00:00:00,272,41
2013-05-18 00:00:00,272,39
2013-05-19 00:00:00,272,49
2013-05-20 00:00:00,273,59
2013-05-21 00:00:00,274,58
2013-05-22 00:00:00,274,51
2013-05-23 00:00:00,274,52
2013-05-24 00:00:00,274,57
2013-05-25 00:00:00,274,55
2013-05-26 00:00:00,275,48
2013-05-27 00:00:00,275,46
2013-05-28 00:00:00,275,44
2013-05-29 00:00:00,275,42
2013-05-30 00:00:00,275,32
2013-05-31 00:00:00,274,31
2013-06-01 00:00:00,275,33
2013-06-02 00:00:00,277,40
2013-06-03 00:00:00,278,34
2013-06-04 00:00:00,278,29
2013-06-05 00:00:00,279,31
2013-06-06 00:00:00,279,33
2013-06-07 00:00:00,282,35
2013-06-08 00:00:00,284,38
2013-06-09 00:00:00,285,28
2013-06-10 00:00:00,285,24
2013-06-11 00:00:00,285,31
2013-06-12 00:00:00,286,37
2013-06-13 00:00:00,287,45
2013-06-14 00:00:00,289,49
2013-06-15 00:00:00,288,43
2013-06-16 00:00:00,288,44
2013-06-17 00:00:00,288,51
2013-06-18 00:00:00,289,43
2013-06-19 00:00:00,290,33
2013-06-20 00:00:00,290,33
2013-06-21 00:00:00,290,32
2013-06-22 00:00:00,290,36
2013-06-23 00:00:00,290,34
2013-06-24 00:00:00,290,29
2013-06-25 00:00:00,291,37
2013-06-26 00:00:00,291,37
2013-06-27 00:00:00,291,26
2013-06-28 00:00:00,291,19
2013-06-29 00:00:00,290,13
2013-06-30 00:00:00,290,22
2013-07-01 00:00:00,291,26
2013-07-02 00:00:00,290,18
2013-07-03 00:00:00,289,19
2013-07-04 00:00:00,288,27
2013-07-05 00:00:00,288,26
2013-07-06 00:00:00,288,26
2013-07-07 00:00:00,287,28
2013-07-08 00:00:00,286,33
2013-07-09 00:00:00,286,43
2013-07-10 00:00:00,286,44
2013-07-11 00:00:00,286,40
2013-07-12 00:00:00,286,44
2013-07-13 00:00:00,286,53
2013-07-14 00:00:00,286,44
2013-07-15 00:00:00,287,45
2013-07-16 00:00:00,288,43
2013-07-17 00:00:00,288,47
2013-07-18 00:00:00,289,43
2013-07-19 00:00:00,288,42
2013-07-20 00:00:00,288,37
2013-07-21 00:00:00,288,35
2013-07-22 00:00:00,287,25
2013-07-23 00:00:00,285,17
2013-07-24 00:00:00,283,13
2013-07-25 00:00:00,284,15
2013-07-26 00:00:00,285,13
2013-07-27 00:00:00,288,18
2013-07-28 00:00:00,289,22
2013-07-29 00:00:00,289,23
2013-07-30 00:00:00,289,29
2013-07-31 00:00:00,291,34
2013-08-01 00:00:00,292,41
2013-08-02 00:00:00,292,46
2013-08-03 00:00:00,293,44
2013-08-04 00:00:00,293,42
2013-08-05 00:00:00,293,46
2013-08-06 00:00:00,293,42
2013-08-07 00:00:00,293,35
2013-08-08 00:00:00,293,26
2013-08-09 00:00:00,293,18
2013-08-10 00:00:00,292,11
2013-08-11 00:00:00,290,11
2013-08-12 00:00:00,-999,5
2013-08-13 00:00:00,-999,4
2013-08-14 00:00:00,-999,4
2013-08-15 00:00:00,-999,6
2013-08-16 00:00:00,-999,11
2013-08-17 00:00:00,-999,15
2013-08-18 00:00:00,277,21
2013-08-19 00:00:00,278,28
2013-08-20 00:00:00,278,31
2013-08-21 00:00:00,279,43
2013-08-22 00:00:00,279,48
2013-08-23 00:00:00,279,45
2013-08-24 00:00:00,279,41
2013-08-25 00:00:00,279,41
2013-08-26 00:00:00,279,38
2013-08-27 00:00:00,279,46
2013-08-28 00:00:00,279,35
2013-08-29 00:00:00,279,33
2013-08-30 00:00:00,279,36
2013-08-31 00:00:00,279,44
2013-09-01 00:00:00,279,36
2013-09-02 00:00:00,279,32
2013-09-03 00:00:00,279,22
2013-09-04 00:00:00,280,30
2013-09-05 00:00:00,280,27
2013-09-06 00:00:00,281,23
2013-09-07 00:00:00,280,19
2013-09-08 00:00:00,280,24
2013-09-09 00:00:00,278,29
2013-09-10 00:00:00,277,33
2013-09-11 00:00:00,276,27
2013-09-12 00:00:00,275,25
2013-09-13 00:00:00,275,24
2013-09-14 00:00:00,274,21
2013-09-15 00:00:00,273,21
2013-09-16 00:00:00,-999,18
2013-09-17 00:00:00,273,15
2013-09-18 00:00:00,274,15
2013-09-19 00:00:00,274,18
2013-09-20 00:00:00,274,20
2013-09-21 00:00:00,274,19
2013-09-22 00:00:00,274,14
2013-09-23 00:00:00,274,11
2013-09-24 00:00:00,-999,9
2013-09-25 00:00:00,-999,6
2013-09-26 00:00:00,271,5
2013-09-27 00:00:00,270,4
2013-09-28 00:00:00,271,5
2013-09-29 00:00:00,272,8
2013-09-30 00:00:00,273,13
2013-10-01 00:00:00,273,15
2013-10-02 00:00:00,273,23
2013-10-03 00:00:00,273,21
2013-10-04 00:00:00,273,26
2013-10-05 00:00:00,273,30
2013-10-06 00:00:00,272,29
2013-10-07 00:00:00,272,28
2013-10-08 00:00:00,272,29
2013-10-09 00:00:00,273,31
2013-10-10 00:00:00,273,37
2013-10-11 00:00:00,273,31
2013-10-12 00:00:00,273,27
2013-10-13 00:00:00,273,30
2013-10-14 00:00:00,273,34
2013-10-15 00:00:00,273,39
2013-10-16 00:00:00,272,35
2013-10-17 00:00:00,272,34
2013-10-18 00:00:00,271,37
2013-10-19 00:00:00,270,42
2013-10-20 00:00:00,269,41
2013-10-21 00:00:00,267,35
2013-10-22 00:00:00,266,26
2013-10-23 00:00:00,265,23
2013-10-24 00:00:00,264,23
2013-10-25 00:00:00,264,23
2013-10-26 00:00:00,265,18
2013-10-27 00:00:00,264,17
2013-10-28 00:00:00,262,21
2013-10-29 00:00:00,263,31
2013-10-30 00:00:00,262,34
2013-10-31 00:00:00,261,34
2013-11-01 00:00:00,259,41
2013-11-02 00:00:00,258,50
2013-11-03 00:00:00,257,52
2013-11-04 00:00:00,258,50
2013-11-05 00:00:00,257,47
2013-11-06 00:00:00,256,48
2013-11-07 00:00:00,256,49
2013-11-08 00:00:00,258,39
2013-11-09 00:00:00,259,29
2013-11-10 00:00:00,260,24
2013-11-11 00:00:00,257,20
2013-11-12 00:00:00,256,13
2013-11-13 00:00:00,257,6
2013-11-14 00:00:00,-999,-999
2013-11-15 00:00:00,247,5
2013-11-16 00:00:00,247,7
2013-11-17 00:00:00,250,16
2013-11-18 00:00:00,249,24
2013-11-19 00:00:00,249,28
2013-11-20 00:00:00,248,33
2013-11-21 00:00:00,248,40
2013-11-22 00:00:00,248,35
2013-11-23 00:00:00,249,37
2013-11-24 00:00:00,247,28
2013-11-25 00:00:00,248,24
2013-11-26 00:00:00,249,22
2013-11-27 00:00:00,250,20
2013-11-28 00:00:00,254,16
2013-11-29 00:00:00,253,27
2013-11-30 00:00:00,253,26
2013-12-01 00:00:00,253,26
2013-12-02 00:00:00,254,24
2013-12-03 00:00:00,251,29
2013-12-04 00:00:00,249,30
2013-12-05 00:00:00,249,30
2013-12-06 00:00:00,246,26
2013-12-07 00:00:00,242,32
2013-12-08 00:00:00,241,35
2013-12-09 00:00:00,240,37
2013-12-10 00:00:00,240,36
2013-12-11 00:00:00,240,34
2013-12-12 00:00:00,239,34
2013-12-13 00:00:00,239,37
2013-12-14 00:00:00,241,33
2013-12-15 00:00:00,242,38
2013-12-16 00:00:00,243,40
2013-12-17 00:00:00,244,36
2013-12-18 00:00:00,243,42
2013-12-19 00:00:00,243,41
2013-12-20 00:00:00,244,35
2013-12-21 00:00:00,240,43
2013-12-22 00:00:00,239,47
2013-12-23 00:00:00,237,52
2013-12-24 00:00:00,236,62
2013-12-25 00:00:00,236,62
2013-12-26 00:00:00,235,60
2013-12-27 00:00:00,235,56
2013-12-28 00:00:00,236,43
2013-12-29 00:00:00,236,31
2013-12-30 00:00:00,236,20
